GEMMID,KernelID,EFF,us
0,47,0.50207,0.03
0,36,0.736759,0.02
0,9,0.546112,0.03
0,82,0.954475,0.02
0,11,0.440572,0.04
0,78,0.774942,0.02
0,76,0.690948,0.02
0,64,0.354608,0.05
0,49,0.576151,0.03
0,59,0.708873,0.02
0,74,0.772928,0.02
0,70,0.878128,0.02
0,5,0.860553,0.02
0,57,0.677858,0.02
0,73,0.942568,0.02
0,83,0.776033,0.02
0,24,0.57348,0.03
0,41,0.575064,0.03
0,77,0.726521,0.02
0,60,0.433557,0.04
0,92,0.349019,0.05
0,19,0.415226,0.04
0,7,0.691297,0.02
0,86,0.471107,0.03
0,13,1.0,0.02
0,43,0.913984,0.02
0,10,0.616298,0.03
1,10,0.435014,0.02
1,2,0.407172,0.02
1,32,1.0,0.01
1,27,0.375238,0.03
1,19,0.765384,0.01
1,70,0.308312,0.03
1,93,0.613878,0.02
1,77,0.185654,0.05
1,67,0.615676,0.02
1,54,0.783125,0.01
1,14,0.328356,0.03
1,99,0.718295,0.01
1,36,0.90891,0.01
1,30,0.478873,0.02
1,38,0.204858,0.05
1,15,0.50536,0.02
1,6,0.637705,0.02
1,53,0.413907,0.02
1,81,0.493552,0.02
1,79,0.820077,0.01
2,16,0.408613,0.07
2,8,0.821942,0.03
2,30,0.447165,0.06
2,82,0.508829,0.06
2,46,0.90827,0.03
2,95,0.757975,0.04
2,49,0.713404,0.04
2,72,0.454145,0.06
2,4,0.745887,0.04
2,77,0.412682,0.07
2,19,1.0,0.03
2,86,0.608059,0.05
2,57,0.787598,0.04
2,47,0.670792,0.04
2,88,0.674712,0.04
2,56,0.401051,0.07
2,9,0.722381,0.04
2,73,0.507301,0.06
2,17,0.265259,0.11
2,67,0.706081,0.04
2,94,0.496378,0.06
2,50,0.908747,0.03
2,40,0.57975,0.05
2,35,0.483381,0.06
3,97,0.87336,0.63
3,47,0.567707,0.97
3,65,0.494918,1.11
3,71,0.773984,0.71
3,13,0.376218,1.46
3,40,0.911575,0.6
3,30,0.502898,1.09
3,59,0.716279,0.77
3,15,0.33455,1.64
3,34,0.638101,0.86
3,57,0.71562,0.77
3,31,0.280692,1.96
3,18,0.81105,0.68
3,12,0.498992,1.1
3,6,0.788928,0.7
3,37,0.37257,1.48
3,49,0.653121,0.84
3,78,0.646152,0.85
3,53,0.723534,0.76
3,88,0.59544,0.92
3,20,0.372119,1.48
3,41,0.780966,0.7
3,73,0.172726,3.18
3,94,0.649084,0.85
3,24,0.743623,0.74
3,79,0.707403,0.78
3,63,0.633957,0.87
3,99,0.848307,0.65
3,92,0.660516,0.83
3,77,0.973441,0.57
3,39,0.790631,0.7
3,70,0.843587,0.65
3,2,0.710609,0.77
3,11,0.847593,0.65
3,50,0.876941,0.63
3,64,1.0,0.55
4,23,0.674459,0.0
4,95,0.686733,0.0
4,37,0.704109,0.0
4,4,0.362976,0.0
4,1,0.700178,0.0
4,38,0.642284,0.0
4,72,0.367428,0.0
4,77,0.974915,0.0
4,13,0.233935,0.0
4,42,0.43768,0.0
4,36,0.277131,0.0
4,58,0.588904,0.0
4,82,0.800991,0.0
4,69,0.452144,0.0
4,67,0.75042,0.0
4,63,0.744345,0.0
4,17,0.190926,0.0
4,64,0.20543,0.0
4,59,0.353233,0.0
4,34,0.26416,0.0
4,24,0.367541,0.0
4,14,0.751532,0.0
4,90,0.83459,0.0
4,20,0.725533,0.0
4,88,0.439578,0.0
4,32,0.497847,0.0
4,99,0.726232,0.0
4,98,0.352424,0.0
4,43,0.665744,0.0
4,97,0.573167,0.0
4,79,0.248331,0.0
4,22,0.289193,0.0
4,51,0.67923,0.0
4,54,0.612476,0.0
4,65,0.621127,0.0
4,41,0.753571,0.0
4,11,0.460486,0.0
4,25,0.64494,0.0
4,92,1.0,0.0
4,6,0.762867,0.0
4,84,0.642469,0.0
4,8,0.608499,0.0
4,30,0.683459,0.0
4,76,0.337586,0.0
4,15,0.860587,0.0
4,0,0.513641,0.0
4,16,0.231023,0.0
4,86,0.817273,0.0
4,55,0.830845,0.0
4,28,0.657422,0.0
4,48,0.829169,0.0
4,83,0.731065,0.0
4,21,0.359761,0.0
4,19,0.497236,0.0
4,70,0.413685,0.0
4,89,0.261791,0.0
4,66,0.393045,0.0
4,53,0.48158,0.0
4,87,0.549895,0.0
4,73,0.720362,0.0
4,85,0.588909,0.0
4,3,0.563231,0.0
4,7,0.52055,0.0
4,29,0.836719,0.0
4,46,0.783728,0.0
4,10,0.840557,0.0
4,62,0.87589,0.0
4,74,0.45154,0.0
4,35,0.102725,0.0
4,68,0.783814,0.0
4,94,0.812551,0.0
4,56,0.55774,0.0
4,9,0.748581,0.0
4,81,0.987409,0.0
4,31,0.809609,0.0
4,45,0.784373,0.0
4,52,0.863017,0.0
4,96,0.450289,0.0
4,39,0.843059,0.0
4,57,0.742612,0.0
4,78,0.881344,0.0
4,26,0.950746,0.0
4,91,0.911504,0.0
5,84,0.243777,0.32
5,19,0.555435,0.14
5,91,0.411311,0.19
5,54,0.828536,0.09
5,48,0.388593,0.2
5,9,0.585536,0.13
5,57,0.609011,0.13
5,76,0.782736,0.1
5,61,0.331846,0.23
5,74,0.852495,0.09
5,51,0.409151,0.19
5,68,0.619505,0.13
5,64,0.794025,0.1
5,53,0.745755,0.1
5,69,0.830498,0.09
5,4,0.374457,0.21
5,46,0.585976,0.13
5,88,0.678015,0.11
5,92,0.869583,0.09
5,10,0.725254,0.11
5,13,0.913802,0.09
5,31,0.38382,0.2
5,45,0.678003,0.11
5,21,0.653222,0.12
5,5,0.48816,0.16
5,72,0.343517,0.23
5,89,0.932026,0.08
5,42,0.487963,0.16
5,55,0.413305,0.19
5,79,0.778911,0.1
5,1,0.591454,0.13
5,12,0.990556,0.08
5,33,0.741627,0.1
5,28,0.923583,0.08
5,65,0.580585,0.13
5,66,0.773828,0.1
5,93,0.833557,0.09
5,23,0.759634,0.1
5,25,0.556916,0.14
5,29,0.791516,0.1
5,49,0.803844,0.1
5,43,0.717468,0.11
5,37,0.415468,0.19
5,44,1.0,0.08
5,32,0.283543,0.27
5,94,0.53351,0.15
5,22,0.572666,0.14
5,85,0.719096,0.11
5,30,0.303417,0.26
5,6,0.910072,0.09
5,18,0.518787,0.15
5,26,0.725077,0.11
6,67,0.813641,0.28
6,72,0.204805,1.09
6,1,0.398607,0.56
6,78,0.684427,0.33
6,83,0.925911,0.24
6,21,0.527088,0.42
6,56,0.928791,0.24
6,44,0.919725,0.24
6,27,0.78668,0.28
6,80,0.905749,0.25
6,19,0.465739,0.48
6,52,0.693979,0.32
6,96,0.780966,0.29
6,93,0.596326,0.38
6,91,0.635461,0.35
6,11,0.358632,0.62
6,12,0.793403,0.28
6,17,0.444357,0.5
6,15,0.864596,0.26
6,75,1.0,0.22
6,49,0.135767,1.65
6,92,0.902774,0.25
6,54,0.887106,0.25
6,40,0.976762,0.23
6,82,0.306799,0.73
6,31,0.322752,0.69
6,35,0.579756,0.39
6,10,0.383837,0.58
7,75,0.6122,28.52
7,63,0.466032,37.46
7,25,0.715397,24.41
7,93,0.265663,65.72
7,69,0.743251,23.49
7,31,0.532834,32.77
7,19,0.904638,19.3
7,0,0.235584,74.11
7,52,0.791378,22.06
7,3,0.5877,29.71
7,29,0.613672,28.45
7,95,0.579808,30.11
7,44,0.398459,43.82
7,81,0.988404,17.66
7,1,0.532729,32.77
7,42,0.588278,29.68
7,92,0.569973,30.63
7,48,0.714609,24.43
7,39,0.46962,37.18
7,13,0.346068,50.45
7,26,0.550834,31.7
7,67,0.423259,41.25
7,30,0.433607,40.27
7,53,0.574802,30.37
7,62,0.53787,32.46
7,7,0.34059,51.26
7,18,0.214397,81.44
7,35,0.460346,37.93
7,11,0.660679,26.43
7,5,0.385431,45.3
7,89,0.770226,22.67
7,66,0.576503,30.29
7,91,0.749763,23.29
7,47,1.0,17.46
7,58,0.470958,37.07
7,10,0.256321,68.12
7,12,0.678677,25.73
7,32,0.445568,39.18
7,8,0.836743,20.87
7,40,0.582387,29.98
7,78,0.507366,34.41
7,97,0.597833,29.2
7,4,0.733081,23.82
7,37,0.7629,22.89
7,36,0.907524,19.24
7,90,0.84083,20.76
7,27,0.928613,18.8
7,84,0.616451,28.32
7,61,0.582195,29.99
7,15,0.386846,45.13
7,73,0.778216,22.44
7,16,0.402342,43.39
7,20,0.567366,30.77
7,65,0.898823,19.42
7,87,0.460791,37.89
7,68,0.607341,28.75
7,45,0.740808,23.57
7,28,0.724814,24.09
7,17,0.917101,19.04
7,14,0.787131,22.18
7,57,0.644862,27.07
7,98,0.923411,18.91
7,51,0.627137,27.84
7,6,0.150822,115.76
7,9,0.346522,50.39
7,55,0.219643,79.49
7,64,0.890877,19.6
8,77,0.754758,0.47
8,60,0.387253,0.92
8,4,0.738887,0.48
8,22,1.0,0.36
8,35,0.992654,0.36
8,51,0.790761,0.45
8,18,0.564306,0.63
8,79,0.935711,0.38
8,99,0.749984,0.47
8,87,0.533879,0.67
8,88,0.34945,1.02
8,94,0.708591,0.5
8,97,0.606912,0.59
8,50,0.563216,0.63
8,42,0.858267,0.41
8,30,0.295873,1.2
8,6,0.447453,0.79
8,98,0.517246,0.69
8,34,0.636437,0.56
8,47,0.228305,1.56
8,2,0.85202,0.42
8,43,0.863774,0.41
8,38,0.417472,0.85
8,39,0.460469,0.77
8,95,0.800388,0.44
8,62,0.574681,0.62
8,12,0.715826,0.5
8,29,0.748308,0.47
8,17,0.130891,2.72
8,91,0.584509,0.61
8,56,0.772945,0.46
8,41,0.376112,0.94
8,81,0.738568,0.48
8,53,0.739573,0.48
8,11,0.725136,0.49
8,24,0.403708,0.88
8,69,0.217288,1.64
8,13,0.247049,1.44
8,58,0.834495,0.43
8,52,0.577892,0.62
8,26,0.75374,0.47
8,80,0.663964,0.54
8,31,0.577281,0.62
8,48,0.499183,0.71
8,33,0.448778,0.79
8,23,0.458415,0.78
8,82,0.411223,0.86
8,3,0.543934,0.65
8,32,0.803288,0.44
8,86,0.118675,2.99
8,10,0.47219,0.75
8,90,0.705934,0.5
8,19,0.713488,0.5
8,45,0.766401,0.46
8,89,0.374956,0.95
8,25,0.753767,0.47
8,8,0.109957,3.23
8,55,0.69561,0.51
8,36,0.386883,0.92
8,1,0.652268,0.54
8,65,0.440683,0.81
8,73,0.611361,0.58
8,70,0.918634,0.39
8,66,0.209922,1.69
8,15,0.498033,0.71
8,92,0.2285,1.56
8,72,0.290525,1.22
8,68,0.936643,0.38
8,54,0.727276,0.49
8,96,0.763371,0.47
8,83,0.830852,0.43
8,78,0.523134,0.68
8,76,0.889229,0.4
8,59,0.261564,1.36
8,14,0.738867,0.48
8,16,0.907596,0.39
8,37,0.512717,0.69
8,20,0.922249,0.39
8,46,0.810913,0.44
8,0,0.593578,0.6
8,7,0.287021,1.24
8,27,0.508182,0.7
8,75,0.698116,0.51
8,44,0.291902,1.22
8,5,0.270182,1.32
8,74,0.589567,0.6
8,61,0.606022,0.59
8,9,0.716133,0.5
8,28,0.504447,0.7
8,71,0.332646,1.07
8,49,0.833148,0.43
8,67,0.69353,0.51
8,63,0.37543,0.95
9,4,0.640979,0.06
9,45,0.768693,0.05
9,57,0.812493,0.04
9,13,0.130709,0.28
9,78,0.742305,0.05
9,86,0.826746,0.04
9,71,0.683106,0.05
9,28,0.568967,0.06
9,82,0.215076,0.17
9,93,0.886209,0.04
9,49,0.423343,0.09
9,30,0.359554,0.1
9,65,0.533162,0.07
9,36,0.815009,0.04
9,85,0.932673,0.04
9,6,0.289571,0.13
9,48,0.648689,0.06
9,89,1.0,0.04
9,53,0.374899,0.1
9,40,0.807896,0.05
9,70,0.400617,0.09
9,84,0.350851,0.1
9,1,0.352517,0.1
9,32,0.713161,0.05
9,25,0.493633,0.07
9,56,0.735953,0.05
9,92,0.82802,0.04
9,47,0.518709,0.07
9,69,0.242052,0.15
9,75,0.267522,0.14
9,24,0.758474,0.05
9,37,0.575556,0.06
9,97,0.52839,0.07
9,22,0.36779,0.1
9,9,0.47886,0.08
9,23,0.986408,0.04
9,66,0.746955,0.05
9,72,0.870207,0.04
9,76,0.913612,0.04
9,7,0.837549,0.04
9,90,0.377603,0.1
9,2,0.971697,0.04
9,27,0.659278,0.06
9,17,0.693724,0.05
9,35,0.805732,0.05
9,16,0.724666,0.05
9,8,0.913388,0.04
9,10,0.671449,0.05
9,68,0.623496,0.06
9,54,0.238708,0.15
9,0,0.839069,0.04
9,21,0.523576,0.07
9,29,0.437505,0.08
9,98,0.839874,0.04
9,87,0.495198,0.07
9,58,0.669265,0.05
9,46,0.665718,0.05
9,20,0.587204,0.06
9,38,0.796479,0.05
9,3,0.518864,0.07
9,39,0.574809,0.06
9,19,0.312934,0.12
9,31,0.601092,0.06
9,94,0.241921,0.15
9,55,0.790929,0.05
9,63,0.653831,0.06
9,99,0.358656,0.1
9,42,0.334294,0.11
9,14,0.572664,0.06
9,88,0.544619,0.07
9,5,0.457304,0.08
9,50,0.712717,0.05
9,44,0.478964,0.08
9,79,0.813711,0.04
9,73,0.779471,0.05
9,62,0.433096,0.08
9,96,0.773041,0.05
9,74,0.86551,0.04
9,34,0.945695,0.04
9,12,0.453557,0.08
9,67,0.748193,0.05
9,11,0.40816,0.09
9,60,0.688378,0.05
9,95,0.732784,0.05
9,52,0.508784,0.07
9,59,0.623812,0.06
9,51,0.548199,0.07
9,33,0.786529,0.05
9,80,0.707308,0.05
10,75,0.106289,0.34
10,3,0.587778,0.06
10,61,0.196606,0.19
10,14,0.752142,0.05
10,33,0.599751,0.06
10,8,0.419741,0.09
10,48,0.529758,0.07
10,81,0.567691,0.06
10,28,0.812047,0.04
10,86,1.0,0.04
10,89,0.333265,0.11
10,29,0.685519,0.05
10,40,0.517047,0.07
10,52,0.793966,0.05
10,45,0.464219,0.08
10,66,0.633685,0.06
10,68,0.576022,0.06
10,1,0.356583,0.1
10,95,0.361661,0.1
10,31,0.74924,0.05
10,36,0.450797,0.08
10,11,0.36541,0.1
10,51,0.820467,0.04
10,43,0.556789,0.07
10,9,0.779208,0.05
10,70,0.290736,0.13
10,22,0.71422,0.05
10,60,0.415067,0.09
10,87,0.483979,0.08
10,85,0.548221,0.07
10,27,0.586219,0.06
10,34,0.76136,0.05
10,23,0.642579,0.06
10,24,0.406374,0.09
10,63,0.257186,0.14
10,25,0.542132,0.07
10,30,0.689565,0.05
10,47,0.777161,0.05
10,15,0.826023,0.04
10,55,0.472003,0.08
10,16,0.620542,0.06
10,13,0.835936,0.04
10,96,0.40841,0.09
10,12,0.822703,0.04
10,53,0.330256,0.11
10,97,0.759329,0.05
10,72,0.807006,0.05
10,39,0.838666,0.04
10,73,0.699781,0.05
10,99,0.690048,0.05
10,49,0.55621,0.07
10,6,0.285152,0.13
10,7,0.518619,0.07
10,5,0.332592,0.11
10,76,0.800627,0.05
10,42,0.875942,0.04
10,80,0.378904,0.1
10,90,0.555424,0.07
10,0,0.489415,0.07
10,83,0.974382,0.04
10,2,0.963055,0.04
10,65,0.648845,0.06
10,67,0.654187,0.06
10,20,0.847438,0.04
10,74,0.570475,0.06
10,17,0.610122,0.06
10,35,0.601365,0.06
10,78,0.230424,0.16
10,71,0.477209,0.08
10,56,0.787996,0.05
10,62,0.741635,0.05
10,84,0.305919,0.12
10,18,0.938909,0.04
10,4,0.85981,0.04
10,82,0.264852,0.14
10,59,0.522684,0.07
10,58,0.331381,0.11
10,54,0.686057,0.05
11,80,0.584432,0.03
11,22,0.567665,0.03
11,71,0.250184,0.06
11,95,0.649899,0.02
11,97,0.514725,0.03
11,53,0.641306,0.02
11,13,0.792325,0.02
11,81,0.567786,0.03
11,73,0.43909,0.04
11,45,0.65575,0.02
11,86,0.618799,0.03
11,58,0.382217,0.04
11,85,0.454752,0.03
11,54,0.622756,0.03
11,93,0.77079,0.02
11,21,0.707055,0.02
11,23,0.505675,0.03
11,70,0.54137,0.03
11,51,0.758293,0.02
11,64,0.689203,0.02
11,43,0.527213,0.03
11,20,0.680211,0.02
11,68,0.400267,0.04
11,76,0.2607,0.06
11,56,0.857357,0.02
11,90,0.945153,0.02
11,40,0.673823,0.02
11,82,0.662091,0.02
11,41,0.414164,0.04
11,47,0.576504,0.03
11,52,0.736607,0.02
11,55,0.492353,0.03
11,96,0.867441,0.02
11,30,0.832012,0.02
11,27,0.695647,0.02
11,48,0.214498,0.07
11,32,0.340171,0.05
11,83,0.882111,0.02
11,61,0.186215,0.09
11,28,0.891856,0.02
11,60,0.415793,0.04
11,25,0.454454,0.03
11,0,0.367825,0.04
11,46,0.386592,0.04
11,2,0.811775,0.02
11,18,0.518908,0.03
11,38,0.851245,0.02
11,1,0.882217,0.02
11,33,0.590039,0.03
11,8,0.876598,0.02
11,19,0.668613,0.02
11,57,0.617111,0.03
11,49,0.550835,0.03
11,14,0.946215,0.02
11,87,0.842857,0.02
11,78,0.283588,0.06
11,69,0.861186,0.02
11,17,0.363114,0.04
11,35,0.792546,0.02
11,63,0.805259,0.02
11,67,1.0,0.02
11,36,0.175879,0.09
11,94,0.800658,0.02
11,9,0.509525,0.03
11,6,0.817482,0.02
11,77,0.728555,0.02
11,29,0.6086,0.03
11,98,0.636946,0.02
11,37,0.37075,0.04
11,4,0.678084,0.02
11,50,0.592763,0.03
11,11,0.707902,0.02
11,89,0.631498,0.03
11,7,0.526958,0.03
11,26,0.64009,0.02
11,92,0.721343,0.02
11,31,0.219332,0.07
11,34,0.506051,0.03
11,65,0.714658,0.02
11,12,0.915661,0.02
11,84,0.851058,0.02
11,39,0.745799,0.02
11,91,0.81447,0.02
11,10,0.376918,0.04
11,15,0.269868,0.06
11,42,0.586006,0.03
11,88,0.961922,0.02
11,59,0.759327,0.02
11,44,0.273671,0.06
11,62,0.863863,0.02
11,79,0.685146,0.02
11,66,0.448902,0.04
12,19,0.669454,0.0
12,24,0.381827,0.0
12,43,0.481973,0.0
12,61,0.75325,0.0
12,93,0.714873,0.0
12,67,0.950823,0.0
12,39,0.749776,0.0
12,41,0.875487,0.0
12,18,0.668469,0.0
12,12,0.669752,0.0
12,66,0.691831,0.0
12,86,0.587345,0.0
12,16,0.853015,0.0
12,26,0.298842,0.0
12,4,0.617754,0.0
12,58,0.781406,0.0
12,49,0.805299,0.0
12,89,0.466066,0.0
12,14,0.477865,0.0
12,0,0.561829,0.0
12,95,0.470172,0.0
12,5,0.127743,0.01
12,76,0.538841,0.0
12,11,0.529035,0.0
12,42,0.661942,0.0
12,59,0.888755,0.0
12,78,0.518026,0.0
12,13,0.527641,0.0
12,82,0.408342,0.0
12,79,0.480046,0.0
12,2,0.582789,0.0
12,70,0.707587,0.0
12,88,0.248363,0.01
12,92,0.665909,0.0
12,25,0.921649,0.0
12,98,0.949213,0.0
12,36,0.728715,0.0
12,17,0.809733,0.0
12,34,0.930858,0.0
12,20,0.359285,0.0
12,83,0.610107,0.0
12,28,0.328163,0.0
12,75,0.722817,0.0
12,7,0.864353,0.0
12,62,0.639843,0.0
12,9,0.553715,0.0
12,10,0.550937,0.0
12,55,0.776563,0.0
12,56,0.488867,0.0
12,80,0.879826,0.0
12,68,0.42394,0.0
12,35,0.674614,0.0
12,32,0.737048,0.0
12,6,0.889937,0.0
12,72,0.771884,0.0
12,96,0.553363,0.0
12,22,0.64089,0.0
12,48,0.892187,0.0
12,60,0.401193,0.0
12,52,0.262682,0.01
12,54,0.565452,0.0
12,91,0.689075,0.0
12,63,0.423857,0.0
12,15,0.799239,0.0
12,53,0.485887,0.0
12,85,0.362458,0.0
12,99,1.0,0.0
12,21,0.725186,0.0
12,84,0.601758,0.0
12,1,0.878908,0.0
12,44,0.780863,0.0
12,50,0.623135,0.0
12,37,0.549294,0.0
12,47,0.906366,0.0
12,30,0.853639,0.0
12,3,0.142528,0.01
12,90,0.543856,0.0
12,65,0.197233,0.01
12,69,0.78915,0.0
12,45,0.53584,0.0
12,23,0.206547,0.01
12,73,0.660916,0.0
12,81,0.236093,0.01
12,77,0.859881,0.0
13,21,0.615238,0.04
13,89,0.880398,0.03
13,47,0.557185,0.05
13,70,0.56742,0.04
13,99,0.385308,0.07
13,56,0.578347,0.04
13,31,0.427593,0.06
13,74,0.780463,0.03
13,5,0.918256,0.03
13,17,0.656388,0.04
13,12,0.904736,0.03
13,80,0.559776,0.05
13,78,0.362675,0.07
13,48,0.771451,0.03
13,20,0.484368,0.05
13,2,0.430684,0.06
13,62,0.562892,0.05
13,10,0.901223,0.03
13,0,0.694437,0.04
13,81,0.732128,0.03
13,22,0.769657,0.03
13,11,0.380974,0.07
13,75,0.348193,0.07
13,36,0.222708,0.11
13,53,0.318381,0.08
13,60,0.798394,0.03
13,16,0.634052,0.04
13,26,0.561842,0.05
13,18,0.647774,0.04
13,34,0.643708,0.04
13,66,0.530311,0.05
13,57,0.695601,0.04
13,52,0.911814,0.03
13,30,0.794586,0.03
13,79,0.636311,0.04
13,4,0.4371,0.06
13,23,0.570544,0.04
13,45,0.631123,0.04
13,93,0.862272,0.03
13,39,0.867799,0.03
13,91,0.723728,0.04
13,40,0.699192,0.04
13,67,0.599526,0.04
13,50,0.46247,0.05
13,19,0.60782,0.04
13,65,0.432153,0.06
13,72,1.0,0.03
13,88,0.812509,0.03
13,35,0.310824,0.08
13,15,0.695055,0.04
13,98,0.90256,0.03
13,7,0.967989,0.03
13,33,0.866544,0.03
13,6,0.39494,0.06
13,92,0.497626,0.05
13,63,0.818098,0.03
13,96,0.385414,0.07
13,32,0.813331,0.03
13,14,0.367115,0.07
13,29,0.326907,0.08
13,13,0.41881,0.06
13,90,0.855073,0.03
13,3,0.618085,0.04
13,49,0.762037,0.03
13,86,0.842902,0.03
13,9,0.380228,0.07
13,69,0.845222,0.03
13,61,0.749051,0.03
13,87,0.552317,0.05
13,59,0.811805,0.03
13,95,0.409121,0.06
13,1,0.406662,0.06
13,28,0.984547,0.03
14,99,0.344596,8.56
14,62,0.55287,5.34
14,52,0.361605,8.16
14,43,0.395138,7.47
14,20,0.483996,6.1
14,13,0.843417,3.5
14,27,0.739344,3.99
14,19,0.449701,6.56
14,64,0.599827,4.92
14,28,0.8179,3.61
14,24,0.410431,7.19
14,71,0.612423,4.82
14,78,1.0,2.95
14,67,0.676197,4.36
14,68,0.281721,10.47
14,70,0.875672,3.37
14,14,0.628493,4.69
14,53,0.43924,6.72
14,58,0.638225,4.62
14,9,0.695292,4.24
14,83,0.885623,3.33
14,16,0.980473,3.01
14,2,0.761451,3.87
14,61,0.720536,4.1
14,44,0.59869,4.93
14,39,0.608144,4.85
14,46,0.755473,3.91
14,17,0.782709,3.77
14,56,0.889108,3.32
14,66,0.355787,8.29
14,96,0.585751,5.04
14,22,0.914424,3.23
14,38,0.547162,5.39
14,3,0.454902,6.49
14,15,0.50142,5.88
14,90,0.704619,4.19
14,87,0.725423,4.07
14,54,0.408559,7.22
14,75,0.362101,8.15
14,80,0.673799,4.38
14,76,0.716967,4.12
14,79,0.877922,3.36
14,92,0.698332,4.23
14,8,0.785864,3.75
14,94,0.605967,4.87
14,88,0.572388,5.15
14,5,0.661003,4.46
14,93,0.680862,4.33
14,59,0.334616,8.82
14,48,0.727603,4.06
14,7,0.592077,4.98
14,4,0.833001,3.54
14,1,0.605424,4.87
14,30,0.96123,3.07
14,97,0.438132,6.73
14,77,0.53895,5.47
14,12,0.790691,3.73
14,6,0.597253,4.94
14,51,0.756387,3.9
14,32,0.757767,3.89
14,37,0.359204,8.21
14,84,0.540675,5.46
14,73,0.406704,7.25
14,49,0.150616,19.59
14,63,0.479727,6.15
14,41,0.509412,5.79
14,50,0.552535,5.34
15,42,0.524282,0.04
15,74,0.129763,0.15
15,94,0.377194,0.05
15,49,0.63834,0.03
15,95,0.582652,0.03
15,30,0.674334,0.03
15,54,0.709881,0.03
15,27,0.283926,0.07
15,18,0.821023,0.02
15,13,0.642676,0.03
15,22,0.313877,0.06
15,92,0.850927,0.02
15,35,0.966542,0.02
15,56,0.497228,0.04
15,52,0.252467,0.08
15,32,0.589258,0.03
15,75,0.911628,0.02
15,7,0.3604,0.05
15,62,0.583277,0.03
15,68,0.592255,0.03
15,47,0.818476,0.02
15,14,0.60025,0.03
15,40,0.880008,0.02
15,69,0.666413,0.03
15,93,0.624567,0.03
15,60,0.806249,0.02
15,31,1.0,0.02
15,87,0.885892,0.02
15,91,0.656103,0.03
15,46,0.666582,0.03
15,98,0.963676,0.02
15,79,0.184015,0.11
15,39,0.19197,0.1
15,2,0.905683,0.02
15,4,0.457947,0.04
15,6,0.665379,0.03
15,97,0.420016,0.05
15,16,0.781203,0.02
15,72,0.233708,0.08
15,24,0.467175,0.04
15,19,0.397953,0.05
15,77,0.885144,0.02
15,44,0.589868,0.03
15,23,0.718003,0.03
15,51,0.689942,0.03
15,43,0.71146,0.03
15,82,0.499016,0.04
15,34,0.735145,0.03
15,15,0.745191,0.03
15,28,0.365019,0.05
15,76,0.785604,0.02
15,0,0.849992,0.02
15,25,0.335305,0.06
15,81,0.846183,0.02
15,59,0.66837,0.03
15,5,0.529107,0.04
15,55,0.576252,0.03
15,45,0.739798,0.03
15,90,0.921664,0.02
15,10,0.339946,0.06
16,92,0.445645,0.0
16,62,0.460707,0.0
16,38,0.485307,0.0
16,79,0.80721,0.0
16,78,0.70898,0.0
16,46,0.251381,0.01
16,88,0.580033,0.0
16,86,0.441408,0.0
16,93,0.940782,0.0
16,99,0.467378,0.0
16,50,0.385226,0.0
16,97,0.931794,0.0
16,11,0.607054,0.0
16,16,0.714757,0.0
16,17,0.631026,0.0
16,1,0.557823,0.0
16,24,0.804608,0.0
16,14,0.14848,0.01
16,2,0.31132,0.01
16,83,0.512632,0.0
16,3,0.280242,0.01
16,26,0.445821,0.0
16,61,0.71325,0.0
16,18,0.789049,0.0
16,30,0.366459,0.0
16,55,0.45396,0.0
16,68,0.789301,0.0
16,80,0.335219,0.01
16,87,0.700732,0.0
16,91,0.600459,0.0
16,59,0.411053,0.0
16,76,0.627028,0.0
16,60,0.92957,0.0
16,54,0.675809,0.0
16,81,0.83269,0.0
16,82,0.491538,0.0
16,21,0.603638,0.0
16,57,0.822916,0.0
16,9,0.649959,0.0
16,47,0.826086,0.0
16,44,0.47984,0.0
16,28,0.852604,0.0
16,31,0.746343,0.0
16,75,0.388024,0.0
16,84,0.697272,0.0
16,58,0.642059,0.0
16,37,0.501548,0.0
16,15,0.228963,0.01
16,12,0.688926,0.0
16,73,0.782557,0.0
16,36,0.92605,0.0
16,25,0.841538,0.0
16,96,0.929121,0.0
16,63,0.623105,0.0
16,0,0.924939,0.0
16,6,0.577981,0.0
16,40,0.729239,0.0
16,27,0.435899,0.0
16,95,0.429118,0.0
16,98,0.437506,0.0
16,53,0.722101,0.0
16,70,0.521229,0.0
16,35,0.246563,0.01
16,89,0.455557,0.0
16,65,0.702145,0.0
16,43,0.281498,0.01
16,48,0.853044,0.0
16,34,0.570919,0.0
16,32,0.567486,0.0
16,7,0.654472,0.0
16,22,0.74812,0.0
16,74,0.950462,0.0
16,90,0.875747,0.0
16,45,0.645191,0.0
16,13,0.765007,0.0
16,49,0.869144,0.0
16,10,0.930542,0.0
16,85,0.395401,0.0
16,39,0.781749,0.0
16,8,0.569598,0.0
16,33,0.327425,0.01
16,52,0.549655,0.0
16,67,0.834257,0.0
16,72,0.78208,0.0
16,71,0.64624,0.0
16,56,0.267895,0.01
16,42,0.835819,0.0
16,69,0.420609,0.0
16,41,0.970585,0.0
16,94,0.614954,0.0
16,4,0.975504,0.0
16,29,1.0,0.0
16,64,0.790949,0.0
16,23,0.296097,0.01
16,20,0.611052,0.0
16,66,0.190038,0.01
16,77,0.657543,0.0
17,0,0.979734,63.41
17,54,0.655499,94.78
17,82,0.810014,76.7
17,86,0.888675,69.91
17,83,0.51567,120.48
17,6,0.978576,63.49
17,41,0.500718,124.08
17,55,0.720219,86.26
17,52,0.737374,84.25
17,35,0.684717,90.73
17,15,0.530897,117.02
17,87,0.238296,260.71
17,66,0.52,119.47
17,59,0.355498,174.76
17,63,0.700882,88.64
17,46,0.841976,73.79
17,88,0.88674,70.06
17,5,0.570872,108.83
17,28,0.687845,90.32
17,94,0.356386,174.32
17,90,0.779051,79.75
17,53,0.729845,85.12
17,68,0.74403,83.5
17,57,0.669669,92.77
17,40,0.572768,108.47
17,99,0.270457,229.71
17,50,0.873838,71.1
17,24,0.403439,153.99
17,42,0.470568,132.02
17,10,0.943786,65.83
17,3,0.921129,67.45
17,81,0.537501,115.58
17,98,0.942613,65.91
17,9,0.899023,69.1
17,31,0.450445,137.92
17,25,0.482086,128.87
17,21,0.517374,120.08
17,85,0.573796,108.27
17,19,0.497976,124.76
17,4,0.496091,125.23
17,75,0.704917,88.13
17,96,0.56766,109.44
17,80,0.483979,128.37
17,1,0.798855,77.77
17,30,0.383099,162.17
17,27,0.570392,108.92
17,51,0.425583,145.98
17,56,0.482103,128.87
17,37,0.473908,131.09
17,58,0.703224,88.35
17,62,0.705833,88.02
17,16,0.607741,102.23
17,89,0.160581,386.89
17,76,0.868352,71.55
17,92,0.656775,94.59
17,47,1.0,62.13
17,49,0.741458,83.79
17,69,0.699849,88.77
17,43,0.893985,69.49
17,33,0.402115,154.5
17,44,0.553688,112.21
17,60,0.57026,108.94
17,77,0.211159,294.22
17,84,0.785363,79.11
17,78,0.446877,139.02
17,7,0.854109,72.74
17,97,0.392166,158.42
17,71,0.471647,131.72
17,2,0.908321,68.4
17,12,0.868228,71.56
17,70,0.957564,64.88
17,79,0.513671,120.95
17,67,0.826485,75.17
17,22,0.425519,146.0
17,65,0.122374,507.68
17,38,0.864319,71.88
17,91,0.588581,105.55
17,14,0.370496,167.68
18,48,0.789825,4.56
18,43,0.468283,7.69
18,95,0.748901,4.81
18,51,0.73267,4.91
18,24,0.631255,5.7
18,50,0.570659,6.31
18,4,0.906925,3.97
18,1,0.893249,4.03
18,32,0.74782,4.81
18,14,0.786972,4.58
18,17,0.760369,4.74
18,41,0.385797,9.33
18,85,0.76283,4.72
18,59,0.243652,14.78
18,62,0.897889,4.01
18,86,0.898391,4.01
18,8,0.880785,4.09
18,10,0.612189,5.88
18,70,0.822712,4.38
18,31,0.810733,4.44
18,56,0.714271,5.04
18,89,0.862327,4.18
18,60,0.635014,5.67
18,35,0.957037,3.76
18,20,0.500884,7.19
18,21,0.708351,5.08
18,2,0.484123,7.44
18,12,0.863199,4.17
18,22,0.433057,8.31
18,37,0.864034,4.17
18,15,0.585276,6.15
18,68,0.475162,7.58
18,94,0.356835,10.09
18,74,0.701554,5.13
18,9,0.482531,7.46
18,92,0.401687,8.96
18,34,0.278578,12.92
18,65,0.947465,3.8
18,28,0.597124,6.03
18,71,0.712062,5.06
18,11,0.987906,3.64
18,13,0.874606,4.12
18,45,0.750433,4.8
18,73,0.798811,4.51
18,98,0.795476,4.53
18,63,0.873313,4.12
18,58,0.322949,11.15
18,61,0.382236,9.42
18,44,0.53359,6.75
18,3,0.410845,8.76
18,40,0.153653,23.43
18,33,0.774769,4.65
18,88,0.82759,4.35
18,42,0.721692,4.99
18,57,0.345178,10.43
18,46,0.479181,7.51
18,6,0.523824,6.87
18,97,0.274229,13.13
18,19,0.867712,4.15
18,52,0.814574,4.42
18,67,0.922573,3.9
18,38,0.397996,9.05
18,0,1.0,3.6
18,39,0.380349,9.47
18,96,0.842529,4.27
18,72,0.78093,4.61
18,69,0.637075,5.65
18,23,0.490756,7.34
18,99,0.584632,6.16
18,55,0.657951,5.47
18,79,0.626693,5.75
18,81,0.759297,4.74
18,53,0.766874,4.7
18,49,0.69252,5.2
18,26,0.397185,9.07
18,82,0.851105,4.23
18,30,0.281955,12.77
18,66,0.424811,8.48
18,77,0.739852,4.87
19,90,0.960807,0.0
19,48,0.3961,0.0
19,7,0.969755,0.0
19,42,0.692719,0.0
19,19,0.596981,0.0
19,91,0.604133,0.0
19,26,0.403835,0.0
19,28,0.587704,0.0
19,89,0.523444,0.0
19,6,0.791496,0.0
19,22,0.20239,0.0
19,62,0.570763,0.0
19,50,0.691056,0.0
19,38,0.874021,0.0
19,84,0.433489,0.0
19,20,0.262294,0.0
19,2,0.757561,0.0
19,70,0.537503,0.0
19,87,0.647879,0.0
19,43,0.741841,0.0
19,54,0.246346,0.0
19,60,0.747613,0.0
19,44,0.811094,0.0
19,81,0.395698,0.0
19,76,0.492705,0.0
19,9,0.779233,0.0
19,67,0.81547,0.0
19,36,0.577435,0.0
19,72,0.76334,0.0
19,24,0.701806,0.0
19,75,0.64173,0.0
19,12,0.513047,0.0
19,16,0.575356,0.0
19,41,0.511033,0.0
19,99,0.72098,0.0
19,86,0.792633,0.0
19,58,0.27666,0.0
19,66,0.660896,0.0
19,10,0.268984,0.0
19,71,0.267752,0.0
19,8,0.864334,0.0
19,92,0.583295,0.0
19,77,0.618126,0.0
19,30,0.492179,0.0
19,18,0.520832,0.0
19,74,0.844345,0.0
19,13,0.823501,0.0
19,53,0.842371,0.0
19,51,0.553279,0.0
19,47,0.715632,0.0
19,68,0.764309,0.0
19,69,0.970176,0.0
19,88,0.755545,0.0
19,0,1.0,0.0
19,23,0.764388,0.0
19,78,0.606355,0.0
19,65,0.524237,0.0
20,47,0.874689,0.0
20,38,0.289626,0.01
20,46,0.458515,0.01
20,54,0.393318,0.01
20,23,0.559349,0.0
20,68,0.555834,0.0
20,34,0.881251,0.0
20,13,0.757359,0.0
20,56,0.440557,0.01
20,84,0.107603,0.02
20,91,0.576691,0.0
20,20,0.893462,0.0
20,17,0.92914,0.0
20,45,0.753036,0.0
20,55,0.455033,0.01
20,0,0.33708,0.01
20,86,0.740864,0.0
20,25,0.937044,0.0
20,14,0.298214,0.01
20,24,0.884781,0.0
20,36,0.74048,0.0
20,5,0.788781,0.0
20,87,0.892978,0.0
20,50,0.476158,0.0
20,53,0.688348,0.0
20,42,0.609239,0.0
20,4,0.115515,0.02
20,88,0.653014,0.0
20,82,0.38944,0.01
20,61,0.829575,0.0
20,93,0.395903,0.01
20,15,1.0,0.0
20,75,0.663515,0.0
20,62,0.678763,0.0
20,63,0.598666,0.0
20,16,0.762368,0.0
20,41,0.930943,0.0
20,48,0.60129,0.0
20,66,0.588992,0.0
20,49,0.938603,0.0
20,89,0.518593,0.0
20,71,0.959442,0.0
20,32,0.968951,0.0
20,97,0.463734,0.01
20,99,0.15584,0.01
20,67,0.176205,0.01
20,52,0.717953,0.0
20,80,0.498137,0.0
20,8,0.593146,0.0
20,7,0.968341,0.0
20,6,0.816388,0.0
20,1,0.610856,0.0
20,51,0.842437,0.0
20,9,0.610895,0.0
20,22,0.710096,0.0
20,57,0.468785,0.0
20,90,0.514313,0.0
20,94,0.776591,0.0
20,3,0.771819,0.0
20,21,0.641911,0.0
20,27,0.3505,0.01
20,98,0.576727,0.0
20,43,0.833061,0.0
20,39,0.971559,0.0
20,30,0.935271,0.0
20,18,0.589539,0.0
20,69,0.879852,0.0
20,31,0.85083,0.0
20,78,0.960927,0.0
20,96,0.624569,0.0
21,89,0.401609,0.15
21,38,0.73984,0.08
21,60,0.818855,0.08
21,52,0.541893,0.11
21,92,0.912823,0.07
21,43,0.533555,0.12
21,56,0.403423,0.15
21,82,0.723656,0.09
21,88,0.847637,0.07
21,1,0.633966,0.1
21,36,0.48173,0.13
21,14,0.723646,0.09
21,19,0.919415,0.07
21,7,0.640222,0.1
21,95,0.874553,0.07
21,4,0.44684,0.14
21,77,0.5216,0.12
21,22,0.380616,0.16
21,64,0.730819,0.09
21,20,0.341934,0.18
21,90,0.378457,0.16
21,50,0.803993,0.08
21,54,0.896634,0.07
21,58,0.695313,0.09
21,70,0.832508,0.07
21,33,0.886486,0.07
21,73,0.261265,0.24
21,81,0.592204,0.1
21,39,0.907109,0.07
21,29,0.71224,0.09
21,83,0.41303,0.15
21,80,0.900396,0.07
21,34,0.571643,0.11
21,11,0.270438,0.23
21,48,0.566541,0.11
21,16,0.640145,0.1
21,27,0.624749,0.1
21,25,0.827064,0.08
21,71,0.770499,0.08
21,3,0.528775,0.12
21,91,0.659784,0.09
21,62,0.573063,0.11
21,66,0.584507,0.11
21,96,0.226994,0.27
21,47,0.642289,0.1
21,35,0.846973,0.07
21,98,0.384902,0.16
21,84,0.575534,0.11
21,44,0.743278,0.08
21,75,0.859636,0.07
21,30,1.0,0.06
21,68,0.751515,0.08
21,41,0.493056,0.13
21,55,0.580376,0.11
21,76,0.337965,0.18
21,24,0.631135,0.1
21,10,0.309757,0.2
21,97,0.458361,0.14
21,23,0.957068,0.06
21,63,0.369408,0.17
21,12,0.602011,0.1
21,17,0.657775,0.09
21,6,0.64077,0.1
21,37,0.60338,0.1
21,93,0.822224,0.08
21,46,0.460952,0.13
21,21,0.232046,0.27
21,79,0.284657,0.22
21,15,0.789404,0.08
21,9,0.843317,0.07
21,5,0.428074,0.15
21,53,0.998555,0.06
21,42,0.436716,0.14
21,2,0.796133,0.08
21,99,0.305499,0.2
21,87,0.816112,0.08
21,0,0.482007,0.13
21,49,0.947692,0.07
21,45,0.620827,0.1
21,28,0.307493,0.2
21,74,0.735078,0.08
21,32,0.58768,0.11
21,86,0.849944,0.07
21,8,0.302246,0.21
21,26,0.87153,0.07
21,85,0.745536,0.08
21,59,0.446195,0.14
22,59,0.503316,101.07
22,72,0.649083,78.37
22,41,0.875849,58.08
22,29,0.699086,72.77
22,71,0.609739,83.43
22,8,0.681072,74.69
22,49,0.795135,63.98
22,36,0.674632,75.4
22,77,0.471402,107.91
22,27,0.534892,95.1
22,67,0.843111,60.34
22,90,0.518823,98.05
22,13,0.834341,60.97
22,95,0.698877,72.79
22,35,0.538763,94.42
22,91,0.661084,76.95
22,9,0.471281,107.94
22,73,0.608639,83.58
22,53,0.475778,106.92
22,55,0.701996,72.46
22,40,0.955104,53.26
22,79,1.0,50.87
22,25,0.650982,78.14
22,84,0.936032,54.35
22,6,0.249953,203.52
22,63,0.472836,107.58
22,74,0.515299,98.72
22,5,0.812549,62.6
22,85,0.74458,68.32
22,81,0.851794,59.72
22,15,0.863075,58.94
22,69,0.647298,78.59
22,57,0.750451,67.78
22,21,0.818324,62.16
22,97,0.159913,318.11
22,93,0.876165,58.06
22,30,0.420125,121.08
22,92,0.769735,66.09
22,1,0.599207,84.89
22,18,0.600823,84.67
22,61,0.608798,83.56
22,65,0.560698,90.72
22,50,0.10539,482.68
22,54,0.592851,85.8
22,62,0.64391,79.0
22,0,0.593049,85.78
22,96,0.769718,66.09
23,39,0.479844,0.05
23,24,0.430675,0.06
23,5,0.292312,0.08
23,74,0.734983,0.03
23,66,0.824169,0.03
23,89,0.774155,0.03
23,43,0.663528,0.04
23,78,0.604395,0.04
23,15,1.0,0.02
23,55,0.331843,0.07
23,58,0.603383,0.04
23,72,0.890724,0.03
23,44,0.21093,0.12
23,36,0.948226,0.03
23,14,0.525835,0.05
23,1,0.903444,0.03
23,63,0.641293,0.04
23,18,0.975501,0.03
23,59,0.962723,0.03
23,19,0.726769,0.03
23,95,0.404664,0.06
23,37,0.926235,0.03
23,71,0.386768,0.06
23,20,0.91197,0.03
23,38,0.66003,0.04
23,62,0.864981,0.03
23,86,0.367993,0.07
23,8,0.754187,0.03
23,92,0.581613,0.04
23,84,0.478728,0.05
23,94,0.370581,0.07
23,97,0.870271,0.03
23,27,0.981254,0.03
23,73,0.579385,0.04
23,91,0.657882,0.04
23,6,0.701057,0.04
23,96,0.420309,0.06
23,80,0.758364,0.03
23,0,0.489121,0.05
23,67,0.426677,0.06
23,22,0.979786,0.03
23,42,0.68832,0.04
23,53,0.6849,0.04
23,61,0.546384,0.05
23,3,0.134576,0.18
23,16,0.592919,0.04
23,88,0.262265,0.09
23,81,0.320238,0.08
23,82,0.87493,0.03
23,50,0.819032,0.03
23,32,0.346295,0.07
23,69,0.734568,0.03
23,35,0.445481,0.06
23,9,0.306789,0.08
23,68,0.806522,0.03
24,96,0.115751,29.37
24,84,0.482314,7.05
24,7,0.952788,3.57
24,30,0.506477,6.71
24,63,0.53424,6.36
24,9,0.448503,7.58
24,72,0.75235,4.52
24,78,0.809866,4.2
24,89,0.184952,18.38
24,4,0.883863,3.85
24,44,0.358619,9.48
24,94,0.375628,9.05
24,53,0.966107,3.52
24,76,0.712394,4.77
24,92,0.428389,7.94
24,10,0.913687,3.72
24,70,0.405297,8.39
24,61,0.696194,4.88
24,16,0.55533,6.12
24,34,0.933942,3.64
24,5,0.850303,4.0
24,13,0.732966,4.64
24,90,0.794666,4.28
24,95,0.748148,4.54
24,64,0.334761,10.16
24,28,0.75786,4.49
24,91,0.67109,5.07
24,55,0.730876,4.65
24,82,0.258716,13.14
24,38,0.781293,4.35
24,29,0.629084,5.4
24,2,0.788607,4.31
24,97,0.881331,3.86
24,3,1.0,3.4
24,25,0.77426,4.39
24,48,0.332893,10.21
24,68,0.405633,8.38
24,35,0.915466,3.71
24,99,0.600746,5.66
24,66,0.955828,3.56
24,24,0.281818,12.06
24,49,0.640749,5.31
24,59,0.392657,8.66
24,73,0.734845,4.63
24,8,0.305569,11.13
24,27,0.577266,5.89
24,56,0.608319,5.59
24,54,0.810692,4.19
24,62,0.724428,4.69
24,93,0.715879,4.75
24,67,0.672173,5.06
24,74,0.72047,4.72
24,58,0.311976,10.9
24,39,0.373052,9.11
24,23,0.640519,5.31
24,22,0.75755,4.49
24,12,0.906744,3.75
24,21,0.809161,4.2
24,52,0.822014,4.14
24,60,0.673637,5.05
24,15,0.732881,4.64
24,14,0.11738,28.96
25,56,0.596266,18.54
25,22,0.935252,11.82
25,65,0.831817,13.29
25,92,0.874257,12.64
25,75,0.849335,13.01
25,35,0.512412,21.57
25,12,0.817529,13.52
25,29,0.98164,11.26
25,38,0.46447,23.8
25,63,0.293929,37.6
25,43,0.828156,13.35
25,6,0.526895,20.98
25,72,0.4903,22.54
25,66,0.807135,13.69
25,67,0.33148,33.34
25,74,0.85103,12.99
25,97,0.907601,12.18
25,54,0.819759,13.48
25,36,0.419224,26.36
25,41,0.56317,19.63
25,49,0.718269,15.39
25,40,1.0,11.05
25,98,0.57853,19.1
25,18,0.727379,15.2
25,5,0.674304,16.39
25,26,0.83075,13.3
25,55,0.961111,11.5
25,86,0.555167,19.91
25,94,0.7744,14.27
25,78,0.253223,43.65
25,93,0.399821,27.64
25,44,0.808261,13.67
25,81,0.657936,16.8
25,21,0.317534,34.81
25,15,0.611367,18.08
25,85,0.358201,30.86
25,71,0.370651,29.82
25,31,0.95156,11.62
25,28,0.378313,29.22
25,14,0.539134,20.5
25,99,0.993527,11.12
25,10,0.554442,19.93
25,76,0.550778,20.07
25,16,0.481718,22.94
25,91,0.962319,11.49
25,48,0.913171,12.1
25,88,0.543756,20.33
25,60,0.65585,16.85
25,42,0.664892,16.62
25,17,0.467478,23.64
25,9,0.856038,12.91
25,53,0.537189,20.58
25,13,0.458997,24.08
25,90,0.680954,16.23
25,32,0.387299,28.54
25,58,0.796585,13.88
25,1,0.589237,18.76
25,73,0.812102,13.61
25,2,0.342342,32.29
25,34,0.366597,30.15
25,70,0.466945,23.67
26,0,0.751721,28.95
26,39,0.806372,26.99
26,89,0.761073,28.59
26,24,0.677918,32.1
26,25,0.54535,39.9
26,88,0.427242,50.93
26,12,0.643072,33.84
26,68,0.741539,29.35
26,58,0.333818,65.19
26,42,0.699626,31.1
26,93,0.896298,24.28
26,7,0.579052,37.58
26,79,0.951608,22.87
26,59,0.439908,49.47
26,76,0.823269,26.43
26,20,0.973237,22.36
26,8,1.0,21.76
26,44,0.595378,36.55
26,81,0.144222,150.88
26,71,0.469494,46.35
26,28,0.828595,26.26
26,82,0.668253,32.56
26,1,0.750464,29.0
26,96,0.448311,48.54
26,35,0.81957,26.55
26,36,0.291918,74.54
26,54,0.702726,30.97
26,98,0.634963,34.27
27,8,0.741175,0.06
27,24,0.603915,0.07
27,97,0.196219,0.22
27,64,0.465343,0.09
27,18,0.843712,0.05
27,93,0.605216,0.07
27,34,0.584716,0.07
27,10,0.401834,0.11
27,22,0.980755,0.04
27,56,0.664478,0.07
27,5,0.512324,0.09
27,35,0.553217,0.08
27,77,0.746775,0.06
27,25,0.527366,0.08
27,96,0.763109,0.06
27,52,0.838505,0.05
27,91,0.834614,0.05
27,81,0.800501,0.05
27,0,0.305643,0.14
27,39,0.594853,0.07
27,88,0.50056,0.09
27,71,1.0,0.04
27,44,0.568406,0.08
27,15,0.9051,0.05
27,43,0.430901,0.1
27,59,0.794821,0.05
27,72,0.511471,0.09
28,25,0.211448,5.72
28,22,0.307083,3.94
28,38,0.473037,2.56
28,39,0.599535,2.02
28,10,0.58299,2.07
28,23,0.913313,1.32
28,30,0.466428,2.59
28,26,0.483823,2.5
28,55,1.0,1.21
28,11,0.671118,1.8
28,31,0.845144,1.43
28,19,0.685706,1.76
28,87,0.582046,2.08
28,71,0.73011,1.66
28,47,0.771912,1.57
28,0,0.440619,2.74
28,61,0.720077,1.68
28,20,0.750857,1.61
28,44,0.490992,2.46
28,12,0.652431,1.85
28,60,0.943204,1.28
28,70,0.789121,1.53
28,50,0.788132,1.53
28,27,0.476792,2.54
28,79,0.738411,1.64
28,48,0.601031,2.01
28,59,0.885177,1.37
28,89,0.487977,2.48
28,80,0.561576,2.15
28,49,0.587297,2.06
28,16,0.443177,2.73
28,40,0.73905,1.64
28,17,0.713307,1.69
28,51,0.660855,1.83
28,41,0.702916,1.72
28,36,0.960181,1.26
28,54,0.565015,2.14
28,97,0.362101,3.34
29,84,0.856341,22.31
29,73,0.708109,26.98
29,10,0.177228,107.78
29,80,0.81609,23.41
29,62,0.441401,43.28
29,71,0.639447,29.87
29,44,0.701361,27.24
29,97,0.763561,25.02
29,26,0.713614,26.77
29,67,0.424228,45.03
29,47,0.648576,29.45
29,38,0.591716,32.28
29,37,0.43704,43.71
29,40,1.0,19.1
29,57,0.764411,24.99
29,59,0.748949,25.51
29,3,0.423954,45.06
29,19,0.846921,22.56
29,79,0.403426,47.35
29,74,0.918328,20.8
29,21,0.245235,77.89
29,45,0.706555,27.04
29,72,0.584982,32.65
29,55,0.519732,36.75
30,46,0.368931,0.6
30,51,0.576059,0.38
30,91,0.71056,0.31
30,65,0.654288,0.34
30,80,0.512174,0.43
30,83,0.469795,0.47
30,56,0.526949,0.42
30,54,0.370152,0.6
30,15,0.374039,0.59
30,13,0.846858,0.26
30,18,0.58564,0.38
30,33,0.999671,0.22
30,74,1.0,0.22
30,14,0.776635,0.28
30,21,0.722397,0.31
30,99,0.304886,0.72
30,52,0.839019,0.26
30,43,0.566102,0.39
30,89,0.547698,0.4
30,31,0.750473,0.29
30,61,0.412568,0.54
30,26,0.558802,0.4
30,88,0.973979,0.23
30,12,0.29601,0.75
30,42,0.44919,0.49
31,25,0.522277,0.0
31,61,0.523194,0.0
31,14,1.0,0.0
31,56,0.809157,0.0
31,10,0.584704,0.0
31,60,0.630626,0.0
31,99,0.541005,0.0
31,12,0.849795,0.0
31,69,0.344279,0.0
31,75,0.568949,0.0
31,27,0.831585,0.0
31,76,0.856346,0.0
31,62,0.580172,0.0
31,38,0.554428,0.0
31,72,0.618028,0.0
31,1,0.280609,0.0
31,74,0.663085,0.0
31,55,0.73692,0.0
31,97,0.753734,0.0
31,96,0.441181,0.0
31,24,0.288127,0.0
31,90,0.297445,0.0
31,58,0.622098,0.0
31,0,0.437843,0.0
31,32,0.91892,0.0
31,52,0.677829,0.0
31,34,0.39449,0.0
31,63,0.615511,0.0
31,22,0.86193,0.0
32,50,0.709549,0.05
32,62,0.850666,0.04
32,6,0.524662,0.07
32,67,0.599039,0.06
32,7,0.771789,0.05
32,65,0.705157,0.05
32,47,0.743219,0.05
32,2,0.897557,0.04
32,72,0.885498,0.04
32,55,0.402826,0.09
32,4,0.723288,0.05
32,64,0.423739,0.09
32,41,0.896492,0.04
32,68,0.863573,0.04
32,98,0.693517,0.05
32,36,0.804027,0.05
32,73,0.566446,0.07
32,42,0.65164,0.06
32,81,0.327998,0.11
32,8,1.0,0.04
32,9,0.676299,0.06
32,91,0.588695,0.06
32,11,0.443775,0.08
32,71,0.69754,0.05
32,14,0.817881,0.05
32,86,0.858731,0.04
32,20,0.568899,0.07
32,94,0.667478,0.06
32,77,0.549494,0.07
32,59,0.323597,0.12
32,24,0.583153,0.06
32,79,0.547515,0.07
32,90,0.829178,0.05
32,35,0.779773,0.05
32,70,0.75819,0.05
32,57,0.700016,0.05
32,19,0.743794,0.05
32,87,0.52221,0.07
32,21,0.602232,0.06
32,89,0.270061,0.14
32,76,0.418522,0.09
32,85,0.645179,0.06
32,84,0.375466,0.1
32,61,0.847423,0.04
32,29,0.76803,0.05
32,33,0.471838,0.08
32,49,0.580731,0.06
32,44,0.575831,0.06
32,93,0.425218,0.09
32,27,0.332489,0.11
32,1,0.461734,0.08
32,25,0.910311,0.04
32,88,0.706819,0.05
32,18,0.331121,0.11
32,0,0.896994,0.04
32,39,0.396675,0.09
32,69,0.833723,0.04
32,53,0.858564,0.04
32,45,0.867392,0.04
32,75,0.445569,0.08
32,83,0.269773,0.14
32,99,0.791786,0.05
32,74,0.523222,0.07
32,16,0.484638,0.08
32,40,0.676651,0.06
32,52,0.799998,0.05
32,96,0.617445,0.06
32,12,0.754429,0.05
32,22,0.210662,0.18
32,28,0.812867,0.05
32,30,0.756686,0.05
32,31,0.450166,0.08
32,38,0.366919,0.1
32,46,0.546001,0.07
33,79,0.877694,1.15
33,63,0.986623,1.02
33,81,0.197224,5.13
33,23,0.528339,1.91
33,48,0.688196,1.47
33,25,0.215928,4.68
33,33,0.280347,3.61
33,90,0.75267,1.34
33,62,0.758271,1.33
33,44,0.639146,1.58
33,43,0.63897,1.58
33,56,0.701808,1.44
33,46,0.403088,2.51
33,20,0.776935,1.3
33,21,0.287145,3.52
33,41,0.722765,1.4
33,2,0.941673,1.07
33,14,0.726035,1.39
33,24,0.933752,1.08
33,74,1.0,1.01
33,39,0.900178,1.12
33,64,0.522924,1.93
33,71,0.704378,1.44
33,37,0.873175,1.16
33,77,0.709082,1.43
33,68,0.779992,1.3
33,22,0.749836,1.35
33,50,0.397745,2.54
33,9,0.98391,1.03
33,94,0.989072,1.02
33,11,0.214102,4.72
33,69,0.817347,1.24
33,51,0.756662,1.34
33,93,0.937573,1.08
33,18,0.736248,1.37
33,89,0.534884,1.89
33,45,0.58727,1.72
33,70,0.560855,1.8
33,8,0.610437,1.66
33,58,0.671492,1.51
33,97,0.912352,1.11
33,6,0.673576,1.5
33,54,0.603554,1.68
33,47,0.724913,1.4
33,52,0.84151,1.2
33,67,0.488835,2.07
33,65,0.577335,1.75
33,99,0.482699,2.1
33,36,0.489077,2.07
33,5,0.12178,8.3
33,86,0.698093,1.45
33,82,0.348717,2.9
33,28,0.915112,1.11
33,83,0.729652,1.39
33,15,0.905804,1.12
33,35,0.615318,1.64
33,75,0.270875,3.73
33,42,0.5353,1.89
33,17,0.611016,1.66
33,1,0.842488,1.2
34,87,0.453877,23.61
34,91,0.779437,13.75
34,88,0.48546,22.07
34,50,0.310278,34.53
34,36,0.785975,13.63
34,68,0.498651,21.49
34,95,0.581642,18.42
34,93,0.786815,13.62
34,72,0.549866,19.49
34,33,0.534639,20.04
34,13,0.765652,13.99
34,15,0.800395,13.39
34,96,0.463242,23.13
34,25,1.0,10.71
34,11,0.291438,36.77
34,71,0.520443,20.59
34,63,0.662396,16.18
34,86,0.742949,14.42
34,16,0.208092,51.49
34,66,0.634885,16.88
34,4,0.741119,14.46
34,60,0.495907,21.61
34,61,0.948663,11.29
34,89,0.694483,15.43
34,14,0.327162,32.75
34,29,0.531849,20.15
34,79,0.471696,22.72
34,49,0.61728,17.36
34,23,0.221614,48.35
34,10,0.900151,11.9
34,8,0.501302,21.37
34,30,0.316484,33.86
34,55,0.709058,15.11
34,47,0.472772,22.66
34,56,0.10159,105.47
34,18,0.343384,31.2
34,65,0.930897,11.51
34,38,0.458884,23.35
34,98,0.464611,23.06
34,2,0.226916,47.22
34,42,0.668129,16.04
34,32,0.909135,11.79
34,77,0.925707,11.57
34,12,0.329256,32.54
34,57,0.643046,16.66
34,76,0.499296,21.46
34,46,0.80838,13.25
34,20,0.712068,15.05
34,78,0.959414,11.17
34,92,0.790032,13.56
34,0,0.574033,18.67
34,9,0.544118,19.69
35,9,0.679781,71.69
35,19,0.820757,59.38
35,74,0.529177,92.09
35,80,0.617955,78.86
35,58,0.564244,86.37
35,96,0.353591,137.83
35,42,0.454691,107.18
35,85,0.725313,67.19
35,13,0.470819,103.51
35,78,0.735761,66.24
35,15,0.27658,176.2
35,7,0.432621,112.65
35,17,0.555734,87.69
35,25,0.47818,101.92
35,10,0.728503,66.9
35,23,0.431765,112.87
35,11,0.253572,192.19
35,83,0.716402,68.03
35,0,0.436055,111.76
35,55,0.541447,90.01
35,29,0.776324,62.78
35,26,0.697023,69.92
35,6,0.925888,52.63
35,92,0.341867,142.55
35,49,0.842221,57.86
35,41,0.775368,62.85
35,67,0.698099,69.81
35,24,0.961285,50.7
35,60,0.800256,60.9
35,86,0.83725,58.21
35,63,0.4491,108.51
35,84,0.651506,74.8
35,71,0.805516,60.5
35,36,0.899775,54.16
35,88,0.986493,49.4
35,56,0.4845,100.59
35,68,0.701285,69.49
35,32,0.94995,51.3
35,81,0.811866,60.03
35,5,0.742272,65.65
35,82,0.18393,264.96
35,12,0.834753,58.38
35,16,0.895309,54.43
35,99,0.719166,67.76
35,34,0.850449,57.3
35,66,0.697741,69.85
35,95,0.274788,177.35
35,44,0.662298,73.58
35,65,0.488557,99.75
35,52,0.59174,82.36
35,48,0.907884,53.68
35,4,0.620521,78.54
35,53,0.957123,50.92
35,59,0.597799,81.52
35,20,0.641142,76.01
35,14,0.704971,69.13
35,76,0.277554,175.58
35,70,0.552342,88.23
35,40,0.414084,117.69
35,37,0.235672,206.79
35,18,0.803365,60.66
35,38,0.961993,50.66
35,90,0.522075,93.35
35,62,0.863506,56.44
35,39,0.967572,50.37
35,91,0.807485,60.35
35,27,0.850777,57.28
35,57,0.692155,70.41
35,22,0.95355,51.11
35,69,0.54386,89.61
35,51,0.179495,271.51
35,54,0.921428,52.89
35,61,0.254048,191.83
35,45,0.528821,92.16
35,21,0.510295,95.5
35,8,0.477461,102.07
35,64,0.372079,130.98
35,73,0.700604,69.56
35,2,0.40394,120.65
35,1,0.445789,109.32
35,93,0.676308,72.06
35,89,0.71791,67.88
35,46,0.821996,59.29
35,97,1.0,48.73
35,94,0.861668,56.56
35,28,0.408758,119.22
35,43,0.566401,86.04
35,47,0.558633,87.24
35,87,0.745244,65.39
35,79,0.449782,108.35
35,33,0.874285,55.74
35,50,0.456623,106.73
35,31,0.311854,156.27
35,75,0.636467,76.57
35,98,0.75575,64.48
35,77,0.615397,79.19
35,30,0.724593,67.26
35,35,0.317106,153.68
35,72,0.724888,67.23
36,3,0.358809,0.0
36,48,0.243623,0.01
36,4,0.719581,0.0
36,62,0.147017,0.01
36,11,0.516552,0.0
36,60,0.725426,0.0
36,32,0.227925,0.01
36,69,0.336906,0.0
36,95,0.553941,0.0
36,10,0.744713,0.0
36,31,1.0,0.0
36,80,0.193227,0.01
36,12,0.465211,0.0
36,58,0.543282,0.0
36,98,0.412514,0.0
36,43,0.48464,0.0
36,30,0.835269,0.0
36,77,0.995896,0.0
36,94,0.60012,0.0
36,97,0.774978,0.0
36,41,0.940356,0.0
36,39,0.496066,0.0
36,70,0.582842,0.0
36,57,0.520541,0.0
36,27,0.708611,0.0
36,52,0.623962,0.0
36,87,0.452634,0.0
36,1,0.797893,0.0
36,16,0.631855,0.0
36,99,0.326096,0.0
36,64,0.623567,0.0
36,56,0.908359,0.0
36,8,0.604054,0.0
36,92,0.485198,0.0
36,23,0.644746,0.0
36,59,0.89327,0.0
36,35,0.626871,0.0
36,44,0.850894,0.0
36,36,0.292281,0.0
36,24,0.872191,0.0
36,51,0.617847,0.0
36,34,0.309609,0.0
36,79,0.475106,0.0
36,46,0.434758,0.0
36,82,0.69874,0.0
36,71,0.73684,0.0
36,37,0.683418,0.0
36,7,0.620575,0.0
36,96,0.536598,0.0
36,33,0.889543,0.0
36,89,0.835927,0.0
36,91,0.549164,0.0
36,28,0.620897,0.0
36,18,0.439603,0.0
36,90,0.838472,0.0
36,2,0.570005,0.0
36,68,0.647188,0.0
36,38,0.832282,0.0
36,21,0.609528,0.0
36,75,0.5943,0.0
36,74,0.688405,0.0
36,9,0.499918,0.0
36,88,0.510525,0.0
36,73,0.552139,0.0
36,83,0.578097,0.0
36,49,0.353753,0.0
36,15,0.414708,0.0
36,0,0.842768,0.0
36,81,0.488163,0.0
36,86,0.685159,0.0
36,65,0.534899,0.0
36,25,0.964111,0.0
36,20,0.940596,0.0
36,5,0.809269,0.0
36,63,0.250766,0.01
36,61,0.206289,0.01
36,72,0.622571,0.0
36,42,0.654452,0.0
36,26,0.764931,0.0
36,78,0.776663,0.0
36,45,0.927591,0.0
36,84,0.805536,0.0
37,67,0.99104,2.49
37,59,1.0,2.47
37,82,0.547198,4.5
37,66,0.346624,7.11
37,45,0.710638,3.47
37,77,0.646808,3.81
37,73,0.517603,4.76
37,91,0.746266,3.3
37,51,0.65073,3.79
37,32,0.540248,4.56
37,99,0.91504,2.69
37,52,0.61401,4.01
37,21,0.628732,3.92
37,64,0.826877,2.98
37,63,0.306665,8.04
37,16,0.720773,3.42
37,4,0.267525,9.21
37,26,0.571948,4.31
37,9,0.787731,3.13
37,76,0.307687,8.01
37,47,0.945788,2.61
37,38,0.550208,4.48
37,14,0.709368,3.47
37,88,0.572571,4.31
37,48,0.756501,3.26
37,75,0.551603,4.47
37,78,0.322832,7.64
37,79,0.351547,7.01
37,3,0.579491,4.25
37,40,0.657426,3.75
37,62,0.729431,3.38
37,25,0.612899,4.02
37,2,0.679204,3.63
37,27,0.449392,5.49
37,55,0.417093,5.91
37,18,0.943065,2.61
37,57,0.243516,10.12
37,65,0.74978,3.29
37,37,0.609429,4.04
37,50,0.764382,3.22
37,74,0.625505,3.94
37,72,0.524556,4.7
37,8,0.392471,6.28
37,41,0.728362,3.38
37,60,0.81687,3.02
37,19,0.553087,4.46
37,68,0.565608,4.36
37,15,0.638953,3.86
37,81,0.919491,2.68
37,1,0.576792,4.27
37,94,0.671303,3.67
37,28,0.894244,2.76
37,84,0.766512,3.22
37,31,0.968871,2.54
37,53,0.65746,3.75
37,29,0.897385,2.75
37,44,0.560606,4.4
37,23,0.525923,4.69
37,13,0.603682,4.08
37,43,0.983979,2.51
37,85,0.809758,3.04
37,97,0.795848,3.1
37,71,0.723808,3.41
37,80,0.829267,2.97
37,92,0.368404,6.69
37,6,0.591047,4.17
37,86,0.610913,4.03
37,42,0.633418,3.89
37,61,0.755221,3.26
37,11,0.252177,9.77
37,49,0.762249,3.23
38,46,0.932812,2.63
38,12,0.79282,3.09
38,97,0.429484,5.7
38,36,0.413798,5.92
38,39,0.454532,5.39
38,69,0.568151,4.31
38,88,0.755996,3.24
38,70,0.936082,2.62
38,81,0.684047,3.58
38,8,0.403044,6.08
38,9,0.642163,3.81
38,19,0.709582,3.45
38,15,0.425464,5.76
38,0,0.606125,4.04
38,30,1.0,2.45
38,90,0.726264,3.37
38,34,0.899241,2.72
38,22,0.934136,2.62
38,14,0.952962,2.57
38,57,0.629161,3.89
38,43,0.973744,2.51
38,87,0.800542,3.06
38,64,0.954118,2.57
38,68,0.953844,2.57
38,59,0.262122,9.34
38,65,0.591335,4.14
38,78,0.76122,3.22
38,61,0.703371,3.48
38,35,0.668431,3.66
38,10,0.705623,3.47
38,45,0.597283,4.1
38,11,0.924229,2.65
38,94,0.705375,3.47
38,82,0.806196,3.04
38,49,0.555912,4.4
38,24,0.804252,3.04
38,32,0.622551,3.93
38,99,0.766644,3.19
38,1,0.712955,3.43
38,58,0.475049,5.15
39,62,0.878118,5.29
39,99,0.865379,5.37
39,35,0.705019,6.59
39,55,0.462226,10.06
39,6,0.887771,5.24
39,32,0.707543,6.57
39,0,0.575441,8.08
39,96,0.739119,6.29
39,59,0.767713,6.06
39,20,0.913207,5.09
39,7,0.702829,6.62
39,89,0.75602,6.15
39,58,0.958559,4.85
39,67,0.998876,4.65
39,37,0.82976,5.6
39,26,0.882124,5.27
39,52,0.359472,12.93
39,14,0.516727,9.0
39,36,0.923295,5.04
39,18,0.986564,4.71
39,81,0.57017,8.15
39,97,0.167471,27.76
39,22,0.654595,7.1
39,54,0.679517,6.84
39,1,0.827456,5.62
39,60,0.471798,9.85
39,86,0.826122,5.63
39,8,0.720772,6.45
39,87,0.728749,6.38
39,44,0.560928,8.29
39,38,0.52331,8.88
39,28,0.866836,5.36
39,57,0.986552,4.71
39,25,0.935345,4.97
39,78,1.0,4.65
39,61,0.701555,6.63
39,49,0.969264,4.8
39,17,0.97525,4.77
39,10,0.530679,8.76
39,30,0.661241,7.03
39,82,0.673839,6.9
39,68,0.983455,4.73
39,73,0.837544,5.55
39,72,0.627326,7.41
39,75,0.34826,13.35
39,63,0.774399,6.0
39,15,0.411261,11.31
39,41,0.86521,5.37
39,31,0.917897,5.07
39,24,0.79723,5.83
39,91,0.609772,7.62
40,35,0.998524,0.31
40,67,1.0,0.31
40,19,0.927585,0.33
40,51,0.531681,0.58
40,48,0.857377,0.36
40,72,0.228615,1.35
40,15,0.835351,0.37
40,30,0.953137,0.32
40,52,0.5043,0.61
40,97,0.807312,0.38
40,34,0.830239,0.37
40,65,0.832711,0.37
40,29,0.482298,0.64
40,41,0.633156,0.49
40,47,0.917579,0.34
40,84,0.558644,0.55
40,6,0.640883,0.48
40,46,0.983653,0.31
40,39,0.719931,0.43
40,21,0.10901,2.83
40,73,0.540351,0.57
40,95,0.542481,0.57
40,5,0.568081,0.54
40,70,0.351656,0.88
40,77,0.900846,0.34
40,60,0.900883,0.34
40,83,0.733023,0.42
40,91,0.588139,0.52
40,26,0.831147,0.37
40,92,0.737508,0.42
40,94,0.848374,0.36
40,58,0.406995,0.76
40,45,0.509853,0.6
40,2,0.788015,0.39
40,23,0.518409,0.59
40,16,0.402848,0.77
40,8,0.525025,0.59
40,3,0.870042,0.35
40,17,0.291268,1.06
40,96,0.411265,0.75
40,62,0.880083,0.35
40,7,0.932282,0.33
40,55,0.852446,0.36
40,25,0.612175,0.5
40,64,0.617107,0.5
40,53,0.611079,0.5
40,33,0.27527,1.12
40,68,0.761731,0.4
40,99,0.708762,0.44
40,54,0.843571,0.37
40,85,0.483599,0.64
40,0,0.744671,0.41
40,57,0.76005,0.41
40,40,0.579503,0.53
40,49,0.705221,0.44
40,86,0.887463,0.35
40,11,0.735221,0.42
40,74,0.422585,0.73
40,76,0.15822,1.95
40,31,0.55377,0.56
40,93,0.340624,0.91
40,50,0.988095,0.31
40,12,0.828661,0.37
40,24,0.583985,0.53
40,37,0.607002,0.51
40,38,0.620531,0.5
40,4,0.92835,0.33
40,56,0.814757,0.38
40,61,0.708193,0.44
40,69,0.477729,0.65
40,89,0.270676,1.14
40,80,0.169796,1.82
40,66,0.1923,1.6
40,87,0.34217,0.9
40,22,0.472331,0.65
40,42,0.376755,0.82
40,90,0.584416,0.53
40,28,0.737564,0.42
40,9,0.692601,0.45
40,75,0.806996,0.38
40,98,0.805417,0.38
40,18,0.969875,0.32
40,32,0.569052,0.54
40,13,0.583548,0.53
40,82,0.668999,0.46
40,27,0.835324,0.37
41,59,0.856081,0.0
41,69,0.413936,0.01
41,10,0.873316,0.0
41,99,0.58669,0.0
41,1,0.843325,0.0
41,26,0.520682,0.01
41,21,0.902134,0.0
41,86,0.832321,0.0
41,13,0.597768,0.0
41,97,0.276644,0.01
41,77,0.533777,0.01
41,20,0.149039,0.02
41,0,0.194448,0.02
41,48,0.46867,0.01
41,14,0.814991,0.0
41,28,0.569385,0.01
41,54,0.331626,0.01
41,30,0.13354,0.02
41,65,0.340947,0.01
41,40,0.441739,0.01
41,16,0.940985,0.0
41,96,0.789458,0.0
41,63,0.629864,0.0
41,98,0.578337,0.01
41,73,0.819868,0.0
41,44,0.666357,0.0
41,92,0.494079,0.01
41,15,0.671641,0.0
41,24,0.627409,0.0
41,27,1.0,0.0
41,57,0.438394,0.01
41,9,0.692986,0.0
41,37,0.681119,0.0
42,16,0.780359,0.0
42,40,0.717992,0.0
42,66,0.373324,0.0
42,73,0.804498,0.0
42,25,0.7006,0.0
42,63,0.507344,0.0
42,4,0.723651,0.0
42,82,0.738401,0.0
42,68,0.6975,0.0
42,98,0.381591,0.0
42,87,1.0,0.0
42,67,0.375684,0.0
42,0,0.586992,0.0
42,51,0.823026,0.0
42,92,0.713185,0.0
42,23,0.412608,0.0
42,80,0.391325,0.0
42,30,0.471536,0.0
42,47,0.504649,0.0
42,6,0.583298,0.0
42,34,0.561056,0.0
42,3,0.458943,0.0
42,46,0.475047,0.0
42,49,0.505894,0.0
42,48,0.782987,0.0
42,42,0.559453,0.0
42,58,0.324904,0.0
42,72,0.567139,0.0
42,93,0.809946,0.0
42,78,0.487636,0.0
42,15,0.270423,0.0
42,21,0.742962,0.0
42,35,0.544583,0.0
42,22,0.850911,0.0
42,43,0.710531,0.0
42,81,0.415101,0.0
42,79,0.780942,0.0
42,99,0.606445,0.0
42,11,0.937305,0.0
43,16,0.914845,351.41
43,25,0.732208,439.07
43,77,0.900196,357.13
43,18,0.897738,358.11
43,82,0.665821,482.85
43,0,0.436491,736.53
43,80,0.665104,483.37
43,39,0.717843,447.85
43,79,0.926288,347.07
43,11,0.502509,639.77
43,7,0.499947,643.05
43,48,0.327256,982.38
43,1,0.382448,840.61
43,90,0.904734,355.34
43,66,0.637525,504.28
43,31,1.0,321.49
43,53,0.608492,528.34
43,33,0.11816,2720.79
43,62,0.506169,635.14
43,20,0.975726,329.49
43,26,0.915581,351.13
43,70,0.322875,995.71
43,59,0.890417,361.05
43,44,0.524476,612.97
43,3,0.688892,466.68
43,68,0.815477,394.23
43,21,0.454231,707.77
43,60,0.845281,380.33
44,73,0.520038,0.08
44,41,0.408958,0.11
44,14,0.95718,0.05
44,58,0.290991,0.15
44,8,0.571253,0.08
44,44,0.90443,0.05
44,20,0.886398,0.05
44,26,0.443457,0.1
44,99,0.666727,0.07
44,11,0.524988,0.08
44,2,0.442519,0.1
44,19,0.536598,0.08
44,82,0.968048,0.05
44,91,0.322032,0.14
44,21,0.292109,0.15
44,75,0.855176,0.05
44,94,0.792155,0.06
44,3,0.542931,0.08
44,90,0.240356,0.18
44,38,0.783563,0.06
44,25,0.659298,0.07
44,61,0.450575,0.1
44,35,0.829681,0.05
44,65,0.867763,0.05
44,24,0.627866,0.07
44,7,0.571878,0.08
44,79,0.747448,0.06
44,0,0.594811,0.07
44,53,0.751704,0.06
44,60,0.429693,0.1
44,10,0.685055,0.06
44,92,0.708281,0.06
44,63,0.736058,0.06
44,81,0.878557,0.05
44,97,0.515247,0.09
44,18,0.305578,0.14
44,50,0.483454,0.09
44,87,0.887264,0.05
44,40,0.185053,0.24
44,9,0.467332,0.09
44,46,0.850051,0.05
44,70,0.283781,0.16
44,74,0.31222,0.14
44,13,0.4892,0.09
44,69,0.638436,0.07
44,57,0.861352,0.05
44,43,0.536893,0.08
44,83,0.604114,0.07
44,29,0.643525,0.07
44,68,1.0,0.04
44,51,0.617949,0.07
44,48,0.92448,0.05
44,42,0.165152,0.27
44,95,0.272547,0.16
44,62,0.361867,0.12
44,54,0.860291,0.05
44,80,0.64244,0.07
44,5,0.883297,0.05
44,52,0.743715,0.06
44,98,0.658291,0.07
44,84,0.307914,0.14
44,86,0.848971,0.05
44,6,0.584531,0.08
44,59,0.333934,0.13
44,66,0.803642,0.05
44,89,0.494959,0.09
44,78,0.971761,0.05
44,34,0.537541,0.08
44,28,0.930183,0.05
44,4,0.807544,0.05
44,23,0.800878,0.06
44,55,0.341137,0.13
44,85,0.869359,0.05
44,49,0.72986,0.06
44,16,0.815442,0.05
44,39,0.706069,0.06
44,76,0.866891,0.05
44,33,0.536016,0.08
44,37,0.611154,0.07
44,88,0.771524,0.06
44,27,0.649411,0.07
44,1,0.512379,0.09
44,96,0.526005,0.08
44,93,0.539563,0.08
44,56,0.969934,0.05
44,71,0.808453,0.05
44,47,0.261562,0.17
44,45,0.953637,0.05
44,36,0.799206,0.06
44,72,0.744534,0.06
44,32,0.293502,0.15
44,22,0.861732,0.05
44,30,0.723921,0.06
45,51,0.663737,228.48
45,59,0.654025,231.87
45,70,0.809536,187.33
45,18,0.570708,265.72
45,12,0.283783,534.38
45,34,0.793247,191.17
45,10,0.768642,197.29
45,56,0.804399,188.52
45,52,0.414754,365.64
45,66,0.612472,247.6
45,13,0.973663,155.75
45,28,0.267314,567.31
45,41,0.707477,214.35
45,79,0.477313,317.71
45,23,0.249605,607.55
45,50,0.657803,230.54
45,80,0.256565,591.07
45,48,0.448024,338.48
45,33,1.0,151.65
45,69,0.854694,177.43
46,97,1.0,0.03
46,57,0.710182,0.04
46,54,0.681329,0.04
46,61,0.556987,0.05
46,88,0.733324,0.04
46,84,0.793567,0.04
46,60,0.303613,0.1
46,39,0.35261,0.08
46,51,0.427977,0.07
46,17,0.343688,0.08
46,40,0.566909,0.05
46,78,0.507621,0.06
46,8,0.393942,0.07
46,49,0.670839,0.04
46,3,0.43023,0.07
46,13,0.54543,0.05
46,10,0.495249,0.06
46,22,0.586823,0.05
46,35,0.914878,0.03
46,12,0.732869,0.04
46,11,0.495093,0.06
46,47,0.920166,0.03
46,64,0.697636,0.04
46,32,0.611985,0.05
46,68,0.929016,0.03
46,66,0.574704,0.05
46,86,0.539221,0.05
46,7,0.350287,0.08
46,0,0.558958,0.05
46,75,0.289733,0.1
46,1,0.250774,0.12
46,94,0.524884,0.06
46,93,0.387594,0.07
46,74,0.780236,0.04
46,50,0.352073,0.08
46,96,0.488139,0.06
46,63,0.235115,0.12
46,81,0.88643,0.03
46,87,0.506941,0.06
46,80,0.722717,0.04
46,55,0.215569,0.13
46,5,0.717271,0.04
46,79,0.331427,0.09
47,40,0.319946,6.97
47,83,0.875626,2.55
47,31,0.746188,2.99
47,82,0.533235,4.18
47,10,0.704102,3.17
47,75,0.2199,10.14
47,65,0.505688,4.41
47,6,0.733076,3.04
47,61,0.780652,2.86
47,35,0.84434,2.64
47,53,0.72769,3.06
47,70,0.734741,3.03
47,96,0.427319,5.22
47,17,0.741184,3.01
47,24,0.517871,4.3
47,99,0.781249,2.85
47,39,0.185439,12.02
47,52,0.293512,7.59
47,94,0.645887,3.45
47,84,0.476042,4.68
47,12,0.857514,2.6
47,4,0.277938,8.02
47,0,1.0,2.23
47,25,0.398784,5.59
47,2,0.927179,2.4
47,58,0.567909,3.93
47,51,0.127158,17.53
47,23,0.55128,4.04
47,77,0.23738,9.39
47,47,0.756574,2.95
47,90,0.717022,3.11
47,42,0.904665,2.46
47,48,0.407095,5.48
47,56,0.60994,3.65
47,9,0.144393,15.44
47,68,0.377923,5.9
47,81,0.872618,2.55
47,57,0.622785,3.58
47,44,0.593272,3.76
47,63,0.672022,3.32
47,27,0.312841,7.13
47,59,0.437143,5.1
47,62,0.969734,2.3
47,64,0.328923,6.78
47,85,0.409797,5.44
47,74,0.380019,5.87
47,86,0.586259,3.8
47,5,0.818642,2.72
47,78,0.758937,2.94
47,71,0.466876,4.77
47,41,0.325297,6.85
47,76,0.324451,6.87
47,72,0.731841,3.05
47,19,0.58247,3.83
47,87,0.686959,3.24
47,45,0.692692,3.22
47,14,0.559447,3.98
48,42,0.446568,17.37
48,37,0.831433,9.33
48,90,0.805724,9.63
48,56,0.500575,15.5
48,87,0.563912,13.76
48,49,0.86397,8.98
48,6,0.245564,31.59
48,95,0.612897,12.66
48,89,0.807653,9.6
48,22,0.817239,9.49
48,21,0.384113,20.19
48,81,0.911319,8.51
48,3,0.98545,7.87
48,51,0.653297,11.87
48,79,0.641961,12.08
48,47,0.535789,14.48
48,29,0.468912,16.54
48,40,0.412759,18.79
48,34,0.611233,12.69
48,10,0.340058,22.81
48,97,1.0,7.76
48,0,0.421136,18.42
48,80,0.568836,13.64
48,17,0.561041,13.83
48,23,0.349623,22.19
48,96,0.314714,24.65
48,82,0.345893,22.43
48,72,0.939023,8.26
48,45,0.666629,11.64
48,7,0.991809,7.82
48,1,0.614352,12.63
48,20,0.697044,11.13
48,53,0.255877,30.31
48,93,0.371234,20.89
48,77,0.77137,10.06
48,73,0.602781,12.87
48,14,0.876196,8.85
48,91,0.422657,18.35
49,48,0.263165,0.14
49,71,0.863806,0.04
49,66,0.600121,0.06
49,5,0.812055,0.05
49,90,0.712451,0.05
49,6,0.850384,0.04
49,43,0.689472,0.05
49,30,0.975169,0.04
49,61,0.510277,0.07
49,68,0.597185,0.06
49,89,0.88102,0.04
49,77,0.926506,0.04
49,27,0.537939,0.07
49,8,0.425104,0.09
49,70,0.573866,0.06
49,99,1.0,0.04
49,88,0.759494,0.05
49,19,0.619855,0.06
49,65,0.680807,0.05
49,74,0.590143,0.06
49,91,0.723253,0.05
49,22,0.562382,0.07
49,81,0.859092,0.04
49,35,0.210493,0.18
49,42,0.71103,0.05
49,39,0.683939,0.05
49,94,0.511471,0.07
49,12,0.416902,0.09
49,83,0.698588,0.05
49,17,0.85445,0.04
49,21,0.834625,0.04
49,79,0.835172,0.04
50,58,0.617729,0.01
50,23,0.667115,0.01
50,46,0.707609,0.01
50,85,0.678966,0.01
50,7,0.904704,0.01
50,97,0.332112,0.03
50,68,0.677119,0.01
50,30,0.43994,0.02
50,28,0.699097,0.01
50,31,0.214732,0.04
50,33,0.604308,0.01
50,25,1.0,0.01
50,4,0.708021,0.01
50,92,0.774784,0.01
50,9,0.561814,0.01
50,10,0.373582,0.02
50,94,0.440075,0.02
50,67,0.783428,0.01
50,63,0.783207,0.01
50,51,0.441129,0.02
50,3,0.641891,0.01
50,47,0.396925,0.02
50,34,0.948084,0.01
50,78,0.423713,0.02
50,59,0.343362,0.02
50,49,0.396235,0.02
50,72,0.707167,0.01
50,77,0.899527,0.01
50,81,0.536423,0.02
50,42,0.608573,0.01
50,99,0.568452,0.01
50,80,0.68124,0.01
50,73,0.309803,0.03
50,70,0.702239,0.01
50,88,0.588627,0.01
50,83,0.743636,0.01
50,86,0.806614,0.01
50,27,0.664749,0.01
50,98,0.809059,0.01
50,36,0.762829,0.01
50,71,0.447405,0.02
50,54,0.688517,0.01
50,17,0.815694,0.01
50,65,0.974714,0.01
50,24,0.856601,0.01
50,64,0.873518,0.01
50,38,0.538748,0.02
50,74,0.526411,0.02
50,32,0.486212,0.02
50,55,0.22651,0.04
50,87,0.866051,0.01
50,62,0.774979,0.01
50,13,0.436863,0.02
50,57,0.433563,0.02
50,8,0.701646,0.01
50,5,0.861853,0.01
51,84,0.585292,0.94
51,8,0.727845,0.75
51,47,0.647358,0.85
51,11,0.42701,1.28
51,54,0.40873,1.34
51,92,0.840455,0.65
51,34,0.784857,0.7
51,9,0.738658,0.74
51,94,0.318751,1.72
51,72,0.534811,1.02
51,86,0.613309,0.89
51,43,0.874353,0.63
51,42,0.906467,0.6
51,95,0.686888,0.8
51,93,0.531184,1.03
51,2,0.606371,0.9
51,90,0.391323,1.4
51,96,0.792083,0.69
51,73,0.337745,1.62
51,48,0.300107,1.83
51,75,0.489406,1.12
51,27,0.274433,2.0
51,79,0.64065,0.86
51,41,0.94772,0.58
51,57,0.923741,0.59
51,70,0.879307,0.62
51,63,0.687608,0.8
51,45,0.643161,0.85
51,23,0.233263,2.35
51,7,0.139818,3.92
51,61,0.74007,0.74
51,0,0.98825,0.55
51,17,0.720692,0.76
51,99,0.414761,1.32
51,32,0.584033,0.94
51,21,0.633742,0.86
51,55,0.673032,0.81
51,62,0.235266,2.33
51,10,0.532625,1.03
51,87,0.873223,0.63
51,68,0.880529,0.62
51,4,0.816178,0.67
51,39,0.881942,0.62
51,81,0.682095,0.8
51,76,0.294862,1.86
51,31,0.477769,1.15
51,6,0.994679,0.55
51,98,0.9011,0.61
51,46,0.48925,1.12
51,60,0.227406,2.41
51,5,0.712726,0.77
51,91,0.256196,2.14
51,19,0.264788,2.07
51,58,0.620587,0.88
51,12,0.94124,0.58
51,36,0.983919,0.56
51,15,0.979208,0.56
51,78,0.663569,0.83
51,77,0.412628,1.33
51,25,0.71081,0.77
51,29,0.641991,0.85
51,85,0.723636,0.76
51,44,0.677107,0.81
51,56,0.908428,0.6
51,40,0.371979,1.47
51,66,0.633188,0.87
51,33,0.334418,1.64
51,30,0.486377,1.13
51,13,0.502526,1.09
51,38,0.616154,0.89
51,49,0.422254,1.3
51,89,0.91911,0.6
51,88,0.6335,0.86
51,50,0.849538,0.64
51,74,0.454445,1.21
51,65,0.647971,0.85
51,97,0.71871,0.76
51,37,0.517681,1.06
51,51,0.844893,0.65
51,14,0.430735,1.27
51,83,0.315491,1.74
51,59,0.196497,2.79
51,20,0.842114,0.65
51,69,0.74818,0.73
51,26,0.572134,0.96
51,16,0.676375,0.81
51,52,0.834716,0.66
51,53,0.861979,0.64
51,22,0.295294,1.86
51,3,1.0,0.55
51,67,0.391594,1.4
51,64,0.446772,1.23
51,80,0.474159,1.16
51,18,0.80748,0.68
51,28,0.845836,0.65
51,71,0.822375,0.67
51,35,0.911134,0.6
51,1,0.583047,0.94
51,24,0.788938,0.69
51,82,0.179762,3.05
52,27,0.343315,0.13
52,5,0.761386,0.06
52,19,0.140974,0.3
52,75,0.438062,0.1
52,40,0.658945,0.07
52,95,0.809975,0.05
52,85,0.44371,0.1
52,89,0.857853,0.05
52,74,0.644464,0.07
52,51,0.846417,0.05
52,29,0.818181,0.05
52,55,0.705024,0.06
52,31,0.78714,0.05
52,59,0.666149,0.06
52,93,0.852526,0.05
52,97,0.8548,0.05
52,82,0.8281,0.05
52,52,0.48955,0.09
52,22,0.672045,0.06
52,79,0.457077,0.09
52,37,0.411877,0.1
52,23,0.417171,0.1
52,98,0.644108,0.07
52,88,0.863382,0.05
52,48,0.384544,0.11
52,9,0.388646,0.11
52,42,0.79703,0.05
52,33,0.42544,0.1
52,65,0.216133,0.2
52,3,0.598471,0.07
52,43,0.506695,0.08
52,12,0.686001,0.06
52,24,0.830096,0.05
52,26,0.483771,0.09
52,13,0.718319,0.06
52,28,0.489767,0.09
52,77,0.763092,0.06
52,2,0.730335,0.06
52,17,0.744504,0.06
52,36,0.976971,0.04
52,34,0.651481,0.07
52,54,0.678725,0.06
52,58,0.255274,0.17
52,14,0.578022,0.07
52,45,0.75551,0.06
52,57,0.886226,0.05
52,10,0.760492,0.06
52,4,0.674933,0.06
52,41,0.862721,0.05
52,63,0.831913,0.05
52,11,0.835391,0.05
52,91,0.462436,0.09
52,6,0.630071,0.07
52,49,1.0,0.04
52,83,0.645926,0.07
52,78,0.568537,0.08
52,18,0.921128,0.05
52,32,0.245929,0.17
52,7,0.203952,0.21
52,44,0.674931,0.06
52,86,0.956442,0.04
52,96,0.506396,0.08
52,99,0.420732,0.1
52,39,0.645782,0.07
52,66,0.831129,0.05
52,60,0.81052,0.05
52,87,0.654564,0.07
52,25,0.871753,0.05
52,84,0.294808,0.15
52,64,0.725387,0.06
52,0,0.537921,0.08
52,70,0.694411,0.06
53,39,0.289243,3873.44
53,61,0.700266,1599.92
53,49,0.583672,1919.51
53,38,0.47093,2379.05
53,69,0.931407,1202.88
53,36,0.726328,1542.51
53,87,0.98064,1142.49
53,41,0.796592,1406.45
53,47,0.877093,1277.37
53,76,0.722291,1551.13
53,28,0.404927,2766.84
53,90,0.521921,2146.62
53,55,0.720257,1555.51
53,92,0.40925,2737.61
53,21,0.32674,3428.92
53,12,0.209462,5348.78
53,29,0.812602,1378.74
53,68,0.677406,1653.91
53,89,0.932488,1201.48
53,40,0.562898,1990.36
53,0,0.709279,1579.59
53,62,0.376537,2975.45
53,10,0.102664,10912.96
53,17,0.836528,1339.31
53,94,0.795015,1409.24
53,42,0.557213,2010.66
53,44,0.428956,2611.85
53,27,0.796662,1406.33
53,13,0.562371,1992.22
53,85,0.861153,1301.01
53,7,0.603373,1856.84
53,79,0.707381,1583.82
53,31,0.92108,1216.36
53,50,0.565144,1982.45
53,16,0.761189,1471.86
53,23,0.675806,1657.82
53,11,0.454079,2467.34
53,59,0.405172,2765.17
53,93,0.9858,1136.51
53,4,0.383265,2923.22
53,78,0.87546,1279.75
53,45,0.707258,1584.1
53,97,0.759242,1475.64
53,30,0.461966,2425.22
53,15,0.493728,2269.2
53,57,0.250303,4476.05
53,80,0.816282,1372.53
53,9,0.756726,1480.55
53,53,0.753434,1487.01
53,83,0.740867,1512.24
53,67,0.653909,1713.34
53,77,0.497971,2249.87
53,72,0.552633,2027.33
53,88,0.676393,1656.39
53,34,0.65699,1705.3
53,86,0.271948,4119.78
53,58,0.577511,1939.99
53,98,0.612405,1829.46
53,99,0.710788,1576.23
53,22,0.863501,1297.47
53,35,0.725364,1544.56
53,20,0.498213,2248.77
53,96,0.581916,1925.31
53,73,0.632184,1772.22
53,37,0.740706,1512.57
53,48,1.0,1120.37
53,63,0.476059,2353.42
53,19,0.559034,2004.12
53,43,0.563308,1988.91
53,70,0.623514,1796.86
53,26,0.612924,1827.91
53,33,0.625997,1789.73
53,60,0.58624,1911.11
53,51,0.836249,1339.75
53,54,0.649574,1724.77
53,3,0.458889,2441.48
53,84,0.340055,3294.67
53,24,0.636157,1761.15
53,65,0.403522,2776.47
53,25,0.94519,1185.34
53,74,0.17543,6386.41
53,81,0.553132,2025.5
53,2,0.859716,1303.18
54,10,0.578124,0.01
54,78,0.914415,0.0
54,4,0.779328,0.01
54,92,0.347261,0.01
54,83,0.970325,0.0
54,45,0.569494,0.01
54,57,0.38251,0.01
54,59,0.264094,0.02
54,17,0.580866,0.01
54,0,0.672227,0.01
54,34,0.900361,0.0
54,35,0.427394,0.01
54,8,0.673883,0.01
54,2,0.554494,0.01
54,7,0.763417,0.01
54,63,0.593598,0.01
54,75,0.354283,0.01
54,89,0.809331,0.01
54,12,0.611694,0.01
54,72,0.777033,0.01
54,27,0.653514,0.01
54,20,0.958218,0.0
54,82,0.695706,0.01
54,47,0.321017,0.01
54,30,0.670315,0.01
54,70,0.783373,0.01
54,9,0.31278,0.01
54,85,0.441193,0.01
54,61,0.691249,0.01
54,39,0.98184,0.0
54,81,0.525826,0.01
54,18,0.954354,0.0
54,68,0.58442,0.01
54,88,0.767627,0.01
54,96,0.506302,0.01
54,3,0.878266,0.0
54,60,0.597491,0.01
54,73,0.754463,0.01
54,76,0.657335,0.01
54,24,0.351773,0.01
54,16,0.944901,0.0
54,55,0.408031,0.01
54,36,0.589564,0.01
54,26,0.789629,0.01
54,13,0.103819,0.04
54,11,0.319153,0.01
54,54,0.495884,0.01
54,23,1.0,0.0
54,5,0.295859,0.01
55,61,0.44206,4.43
55,33,0.6716,2.92
55,49,0.742682,2.64
55,31,0.608839,3.22
55,5,0.800496,2.45
55,6,0.416977,4.7
55,2,0.964314,2.03
55,76,0.282462,6.93
55,75,0.334994,5.85
55,65,0.151,12.97
55,35,0.813508,2.41
55,87,0.569123,3.44
55,28,0.740648,2.64
55,96,0.677889,2.89
55,55,0.799761,2.45
55,15,0.532452,3.68
55,12,0.229794,8.52
55,86,0.5215,3.76
55,57,0.380818,5.14
55,10,0.798871,2.45
55,83,0.896905,2.18
55,66,0.819726,2.39
55,80,0.867159,2.26
55,40,0.691696,2.83
55,11,0.51275,3.82
55,71,0.601821,3.25
55,47,0.546693,3.58
55,98,0.71971,2.72
55,42,0.594668,3.29
55,64,0.878167,2.23
55,18,0.385355,5.08
55,39,0.78143,2.51
55,19,0.341216,5.74
55,93,0.376462,5.2
55,24,0.432007,4.53
55,72,0.172899,11.33
55,1,0.685971,2.86
55,4,0.737354,2.66
55,23,0.518089,3.78
55,13,0.53936,3.63
55,20,0.706824,2.77
55,48,0.499023,3.92
55,84,0.860679,2.28
55,17,0.61505,3.18
55,26,0.93391,2.1
55,85,0.280742,6.98
55,63,0.559047,3.5
55,88,0.599939,3.26
55,59,0.601464,3.26
55,90,0.923284,2.12
55,36,0.563799,3.47
55,38,0.198584,9.86
55,58,0.781873,2.5
55,16,0.960512,2.04
55,69,0.38247,5.12
55,37,0.628781,3.11
55,56,0.374893,5.22
55,25,0.750877,2.61
55,27,0.989473,1.98
55,52,0.404721,4.84
55,9,0.489058,4.0
55,3,0.539234,3.63
55,94,0.426634,4.59
55,73,0.829659,2.36
55,89,0.297524,6.58
55,8,1.0,1.96
55,43,0.378038,5.18
55,53,0.678211,2.89
55,34,0.865695,2.26
55,22,0.96886,2.02
55,50,0.516134,3.79
55,70,0.756368,2.59
55,78,0.401764,4.87
55,30,0.743764,2.63
56,29,0.920688,0.07
56,85,0.326556,0.2
56,78,0.561555,0.12
56,42,0.362859,0.18
56,99,0.72453,0.09
56,39,0.641279,0.1
56,70,0.961598,0.07
56,11,0.886667,0.07
56,92,0.418951,0.16
56,0,0.819004,0.08
56,41,0.825344,0.08
56,2,0.383528,0.17
56,15,0.872893,0.07
56,35,1.0,0.06
56,63,0.820363,0.08
56,53,0.729743,0.09
56,33,0.971886,0.07
56,19,0.737786,0.09
56,62,0.619882,0.1
56,64,0.964321,0.07
56,74,0.64744,0.1
56,54,0.685736,0.09
56,87,0.62921,0.1
56,40,0.732809,0.09
56,60,0.582627,0.11
56,31,0.662057,0.1
56,93,0.479536,0.14
56,43,0.434949,0.15
56,89,0.625095,0.1
56,14,0.268244,0.24
56,17,0.378855,0.17
56,9,0.458169,0.14
56,57,0.321193,0.2
56,98,0.241403,0.27
56,96,0.381955,0.17
56,12,0.405165,0.16
56,69,0.249433,0.26
56,73,0.77019,0.08
56,37,0.653659,0.1
56,23,0.589081,0.11
56,48,0.75919,0.09
56,36,0.353336,0.18
56,79,0.265967,0.24
56,32,0.592137,0.11
56,6,0.637811,0.1
56,21,0.844549,0.08
56,75,0.965287,0.07
56,16,0.591172,0.11
56,68,0.4855,0.13
56,24,0.705409,0.09
56,76,0.362259,0.18
57,21,0.93122,0.0
57,76,0.593054,0.0
57,5,0.938463,0.0
57,99,0.928181,0.0
57,23,0.392125,0.0
57,9,0.519834,0.0
57,47,0.64777,0.0
57,38,0.731513,0.0
57,30,1.0,0.0
57,79,0.856397,0.0
57,4,0.828204,0.0
57,35,0.624943,0.0
57,33,0.759048,0.0
57,69,0.659718,0.0
57,73,0.550138,0.0
57,89,0.230639,0.0
57,74,0.334707,0.0
57,28,0.92292,0.0
57,22,0.720226,0.0
57,20,0.24243,0.0
57,44,0.743544,0.0
57,24,0.320513,0.0
57,31,0.799864,0.0
57,26,0.404161,0.0
57,81,0.29461,0.0
57,0,0.343287,0.0
57,96,0.870122,0.0
57,77,0.643811,0.0
57,45,0.385356,0.0
57,8,0.754011,0.0
57,97,0.21525,0.0
57,19,0.804638,0.0
57,93,0.581438,0.0
57,42,0.947669,0.0
57,90,0.477463,0.0
57,7,0.220752,0.0
57,14,0.561379,0.0
57,39,0.794436,0.0
57,56,0.728194,0.0
57,46,0.376944,0.0
57,63,0.204333,0.0
57,85,0.622901,0.0
57,18,0.388308,0.0
57,58,0.561799,0.0
57,50,0.743847,0.0
57,71,0.401448,0.0
57,43,0.642953,0.0
57,2,0.814299,0.0
57,59,0.177571,0.0
57,25,0.828023,0.0
57,37,0.725557,0.0
57,32,0.475364,0.0
57,88,0.412408,0.0
57,67,0.527883,0.0
57,57,0.606651,0.0
57,65,0.704832,0.0
57,13,0.146796,0.0
57,62,0.869189,0.0
57,12,0.361109,0.0
57,15,0.572464,0.0
57,41,0.748353,0.0
57,10,0.900225,0.0
57,54,0.750975,0.0
57,40,0.635285,0.0
57,55,0.838748,0.0
57,92,0.9431,0.0
57,27,0.555472,0.0
57,70,0.50546,0.0
57,83,0.737281,0.0
57,60,0.466708,0.0
57,17,0.125623,0.0
57,72,0.275039,0.0
57,11,0.918447,0.0
57,49,0.534871,0.0
57,95,0.263882,0.0
57,91,0.589512,0.0
57,29,0.487027,0.0
57,80,0.640218,0.0
57,64,0.615979,0.0
57,3,0.716687,0.0
57,84,0.537896,0.0
57,48,0.372338,0.0
57,98,0.713632,0.0
57,52,0.747357,0.0
57,86,0.538062,0.0
57,51,0.864755,0.0
57,94,0.741351,0.0
57,82,0.816661,0.0
57,61,0.404831,0.0
57,36,0.719323,0.0
57,53,0.641978,0.0
57,6,0.613665,0.0
58,91,0.600983,0.04
58,89,0.644834,0.03
58,75,0.805847,0.03
58,68,0.375391,0.06
58,87,0.936061,0.02
58,85,0.441003,0.05
58,30,0.677033,0.03
58,11,0.836379,0.03
58,86,0.410109,0.05
58,93,0.747889,0.03
58,41,0.461995,0.05
58,38,0.490635,0.04
58,95,0.609142,0.03
58,81,0.537533,0.04
58,76,0.583592,0.04
58,2,0.317413,0.07
58,14,0.779271,0.03
58,36,0.64845,0.03
58,45,0.801721,0.03
58,72,0.226214,0.09
58,78,0.801048,0.03
58,53,0.436299,0.05
58,57,0.575615,0.04
58,3,0.979819,0.02
58,48,0.714892,0.03
58,22,0.714946,0.03
58,8,0.424991,0.05
58,43,0.50648,0.04
58,96,0.58514,0.04
58,56,0.499152,0.04
58,24,0.545971,0.04
58,0,0.797111,0.03
58,47,0.368988,0.06
58,33,1.0,0.02
58,20,0.857328,0.02
58,34,0.615185,0.03
58,29,0.858777,0.02
58,35,0.644737,0.03
58,58,0.734382,0.03
58,32,0.720585,0.03
58,67,0.326123,0.06
58,49,0.3546,0.06
58,17,0.359836,0.06
58,42,0.933005,0.02
58,50,0.485482,0.04
58,15,0.866678,0.02
59,66,0.561257,0.01
59,73,0.390419,0.01
59,63,0.858296,0.0
59,41,0.673776,0.0
59,19,0.753541,0.0
59,81,0.516179,0.01
59,69,0.943851,0.0
59,60,0.654339,0.01
59,16,0.626318,0.01
59,4,0.676528,0.0
59,75,0.694367,0.0
59,78,0.473731,0.01
59,93,0.90807,0.0
59,55,1.0,0.0
59,82,0.824551,0.0
59,96,0.753237,0.0
59,49,0.847262,0.0
59,38,0.410857,0.01
59,20,0.860192,0.0
59,17,0.696158,0.0
59,37,0.410275,0.01
59,1,0.850269,0.0
59,42,0.662314,0.0
59,95,0.874288,0.0
59,7,0.8764,0.0
59,99,0.61012,0.01
59,23,0.308063,0.01
59,29,0.549822,0.01
59,43,0.3727,0.01
59,72,0.72388,0.0
59,3,0.770514,0.0
59,62,0.898229,0.0
59,54,0.416343,0.01
59,67,0.217167,0.02
59,13,0.777033,0.0
59,33,0.323929,0.01
59,51,0.554553,0.01
59,8,0.38333,0.01
59,58,0.982222,0.0
59,92,0.759874,0.0
59,36,0.805441,0.0
59,52,0.138771,0.02
59,83,0.387301,0.01
59,34,0.405081,0.01
59,61,0.741999,0.0
59,2,0.741067,0.0
60,95,0.924961,0.02
60,9,0.56934,0.03
60,79,0.638232,0.02
60,73,0.404205,0.04
60,43,0.445381,0.03
60,93,0.511898,0.03
60,31,0.73824,0.02
60,96,0.276786,0.05
60,34,0.635141,0.02
60,53,0.608237,0.02
60,62,0.274068,0.05
60,49,0.805862,0.02
60,52,0.881614,0.02
60,16,0.68895,0.02
60,87,0.871487,0.02
60,23,0.65968,0.02
60,94,0.711818,0.02
60,41,0.106219,0.14
60,92,0.705151,0.02
60,48,0.897075,0.02
60,0,0.68006,0.02
60,46,0.474451,0.03
60,29,0.950599,0.02
60,1,0.7436,0.02
60,17,0.659704,0.02
60,88,0.832926,0.02
60,98,0.405823,0.04
60,68,0.689345,0.02
60,38,0.311893,0.05
60,2,0.600179,0.02
60,86,0.123399,0.12
60,47,0.826154,0.02
60,89,0.740265,0.02
60,57,0.785383,0.02
60,97,0.895252,0.02
60,27,0.731512,0.02
60,74,0.48059,0.03
60,33,0.868549,0.02
60,25,0.601356,0.02
60,3,0.872902,0.02
60,21,0.471511,0.03
60,85,0.808663,0.02
60,60,0.962736,0.02
60,61,0.531822,0.03
60,15,0.106219,0.14
60,70,0.309921,0.05
60,56,0.712098,0.02
60,90,1.0,0.01
60,55,0.945799,0.02
60,64,0.783372,0.02
60,65,0.576723,0.03
60,84,0.287493,0.05
60,54,0.425813,0.03
60,8,0.621274,0.02
60,67,0.642287,0.02
60,82,0.48978,0.03
60,5,0.851429,0.02
60,44,0.856759,0.02
60,40,0.428299,0.03
60,50,0.595302,0.02
60,75,0.475468,0.03
60,63,0.987723,0.01
60,91,0.683127,0.02
60,7,0.322214,0.05
60,71,0.848637,0.02
60,13,0.915176,0.02
60,72,0.652401,0.02
60,36,0.404203,0.04
60,10,0.848132,0.02
61,67,0.616149,0.01
61,90,0.523384,0.02
61,38,0.434768,0.02
61,63,0.516986,0.02
61,97,0.678945,0.01
61,22,0.897855,0.01
61,81,0.762604,0.01
61,20,0.4469,0.02
61,43,0.640736,0.01
61,50,0.329483,0.03
61,59,0.962875,0.01
61,64,0.566893,0.02
61,62,0.561404,0.02
61,8,0.774936,0.01
61,65,0.772579,0.01
61,88,0.680539,0.01
61,99,0.960448,0.01
61,18,0.167191,0.05
61,16,0.695053,0.01
61,26,0.565504,0.02
61,57,0.442579,0.02
61,83,0.580251,0.02
61,69,0.317688,0.03
61,61,0.932473,0.01
61,7,0.81327,0.01
61,42,0.670541,0.01
61,77,0.878663,0.01
61,37,0.751903,0.01
61,86,1.0,0.01
61,49,0.800785,0.01
61,66,0.770522,0.01
61,6,0.5335,0.02
61,70,0.680316,0.01
61,9,0.682837,0.01
61,25,0.353273,0.03
61,32,0.391248,0.02
61,47,0.718867,0.01
61,85,0.655525,0.01
61,19,0.965615,0.01
61,29,0.292131,0.03
61,96,0.602069,0.02
61,36,0.433743,0.02
61,95,0.792994,0.01
61,34,0.742572,0.01
61,55,0.483843,0.02
61,17,0.907265,0.01
61,87,0.760238,0.01
61,1,0.933832,0.01
61,48,0.554518,0.02
61,91,0.56529,0.02
61,92,0.793614,0.01
61,84,0.315792,0.03
61,27,0.873571,0.01
61,98,0.639334,0.01
61,28,0.764747,0.01
61,39,0.798936,0.01
61,54,0.903621,0.01
61,58,0.516027,0.02
61,24,0.285614,0.03
61,12,0.574973,0.02
61,56,0.780444,0.01
61,15,0.594259,0.02
61,0,0.60004,0.02
61,45,0.480058,0.02
61,73,0.34829,0.03
61,40,0.491077,0.02
61,53,0.423463,0.02
61,75,0.6704,0.01
61,3,0.519448,0.02
61,80,0.745483,0.01
61,46,0.735313,0.01
61,52,0.535397,0.02
61,82,0.336857,0.03
61,4,0.233603,0.04
61,13,0.702054,0.01
61,2,0.464275,0.02
61,44,0.818671,0.01
61,23,0.454507,0.02
61,30,0.660785,0.01
61,72,0.896584,0.01
61,31,0.53061,0.02
61,33,0.615945,0.01
61,10,0.931115,0.01
61,11,0.280858,0.03
61,60,0.786007,0.01
61,93,0.521806,0.02
61,51,0.71998,0.01
61,79,0.795517,0.01
61,71,0.70226,0.01
61,68,0.666014,0.01
61,21,0.871647,0.01
61,5,0.483551,0.02
61,89,0.846664,0.01
61,14,0.815528,0.01
61,35,0.647115,0.01
62,25,0.706386,3.5
62,98,0.236254,10.47
62,3,0.599137,4.13
62,19,0.609588,4.06
62,54,0.889406,2.78
62,81,0.4936,5.01
62,44,0.558068,4.43
62,97,0.863489,2.86
62,73,0.775442,3.19
62,82,0.475205,5.2
62,74,0.759427,3.26
62,49,0.540081,4.58
62,23,0.428828,5.77
62,14,0.60203,4.11
62,71,0.529444,4.67
62,24,0.499215,4.95
62,53,0.778462,3.18
62,48,0.81196,3.05
62,57,0.735623,3.36
62,58,0.388975,6.36
62,15,0.7483,3.3
62,76,0.982583,2.52
62,90,0.908243,2.72
62,83,0.780945,3.17
62,52,0.752909,3.28
62,55,0.950882,2.6
62,9,0.635793,3.89
62,0,0.714056,3.46
62,17,0.408054,6.06
62,40,0.403389,6.13
62,50,0.467853,5.29
62,30,0.831481,2.97
62,35,0.77569,3.19
62,22,0.961932,2.57
62,4,0.668425,3.7
62,85,0.965686,2.56
62,16,0.971894,2.54
62,8,0.895668,2.76
62,43,0.676036,3.66
62,93,0.909885,2.72
62,86,1.0,2.47
62,64,0.642111,3.85
62,39,0.731627,3.38
62,37,0.604868,4.09
62,34,0.468565,5.28
62,2,0.579558,4.27
62,65,0.512874,4.82
62,13,0.902948,2.74
62,46,0.81144,3.05
62,28,0.790529,3.13
63,45,0.265609,0.3
63,51,0.713818,0.11
63,11,0.759362,0.1
63,42,0.882233,0.09
63,88,0.882637,0.09
63,22,0.813739,0.1
63,49,0.824984,0.1
63,98,0.577647,0.14
63,47,0.732216,0.11
63,96,0.415053,0.19
63,72,0.652631,0.12
63,8,0.969912,0.08
63,34,0.530225,0.15
63,62,0.898763,0.09
63,93,0.915849,0.09
63,20,0.573186,0.14
63,91,0.510727,0.15
63,31,0.822946,0.1
63,81,0.558527,0.14
63,65,0.584983,0.13
63,7,0.877645,0.09
63,53,0.870941,0.09
63,78,0.433469,0.18
63,38,1.0,0.08
63,13,0.847062,0.09
63,87,0.646281,0.12
63,60,0.628387,0.13
63,83,0.473601,0.17
63,28,0.407579,0.19
63,82,0.78341,0.1
63,92,0.337327,0.23
63,89,0.590688,0.13
63,84,0.182934,0.43
63,36,0.720385,0.11
63,56,0.797568,0.1
63,74,0.580381,0.14
63,50,0.333931,0.24
63,27,0.863238,0.09
63,46,0.646138,0.12
63,67,0.879444,0.09
63,90,0.339639,0.23
63,14,0.307214,0.26
63,21,0.904664,0.09
63,75,0.946631,0.08
63,35,0.750378,0.11
63,37,0.707977,0.11
63,44,0.281039,0.28
63,77,0.506607,0.16
63,52,0.65251,0.12
64,76,0.682092,474.04
64,84,0.692711,466.77
64,55,0.65879,490.81
64,98,0.312646,1034.2
64,23,0.283774,1139.43
64,49,0.299882,1078.22
64,8,0.627751,515.08
64,52,0.250507,1290.74
64,70,0.39322,822.29
64,32,0.727879,444.22
64,44,0.760161,425.36
64,43,0.272449,1186.79
64,21,0.340758,948.88
64,41,0.391185,826.57
64,22,0.783743,412.56
64,83,0.939386,344.2
64,63,0.87954,367.62
64,39,0.162972,1984.02
64,9,0.57887,558.57
64,0,0.42392,762.74
64,17,0.543129,595.33
64,46,0.682769,473.57
64,36,0.724364,446.38
64,62,0.520258,621.5
64,93,0.650011,497.44
64,59,0.460737,701.79
64,69,0.808265,400.04
64,35,0.619367,522.05
64,66,0.594179,544.18
64,67,0.741332,436.16
64,45,0.652617,495.45
64,54,0.743554,434.86
64,94,0.615916,524.97
64,77,0.609279,530.69
64,64,0.685189,471.9
64,28,0.241466,1339.07
64,7,0.380147,850.57
64,1,0.772922,418.33
64,95,0.889819,363.38
64,6,0.659521,490.26
64,37,0.592418,545.8
64,40,0.74599,433.44
64,89,0.534112,605.38
64,78,0.732565,441.38
64,87,0.969175,333.62
64,27,0.952103,339.61
64,65,0.451543,716.08
64,85,0.613541,527.01
64,42,0.60747,532.27
64,25,0.743558,434.86
64,13,0.372101,868.96
64,61,0.740251,436.8
64,48,0.334757,965.89
64,90,0.302176,1070.04
64,18,0.344613,938.27
64,81,0.843269,383.44
64,11,0.745722,433.59
64,53,0.531449,608.41
64,58,0.343891,940.24
64,5,0.764147,423.14
64,29,0.558197,579.26
64,57,1.0,323.34
64,24,0.708233,456.54
64,50,0.2771,1166.87
64,75,0.825892,391.5
64,47,0.428158,755.19
64,71,0.886226,364.85
64,34,0.674302,479.52
64,99,0.949849,340.41
64,72,0.542058,596.5
64,12,0.161569,2001.25
64,68,0.318725,1014.48
65,70,0.910333,0.15
65,87,0.690435,0.2
65,56,0.573751,0.24
65,3,0.587259,0.24
65,49,0.775281,0.18
65,80,0.781809,0.18
65,61,0.734049,0.19
65,94,0.525627,0.26
65,54,0.922817,0.15
65,26,0.665865,0.21
65,42,0.617359,0.22
65,31,0.439464,0.31
65,17,0.203295,0.68
65,19,0.782465,0.18
65,25,0.85506,0.16
65,62,0.779658,0.18
65,15,0.37478,0.37
65,69,0.812762,0.17
65,45,0.58758,0.23
65,74,0.326523,0.42
65,86,0.646752,0.21
65,9,0.615056,0.22
65,98,0.888781,0.16
65,48,0.244432,0.56
65,66,0.653241,0.21
65,36,0.637695,0.22
65,65,0.47623,0.29
65,47,0.820976,0.17
65,53,0.517275,0.27
65,28,0.537014,0.26
65,63,0.603892,0.23
65,10,0.358839,0.38
65,68,0.503086,0.27
65,92,0.929863,0.15
65,79,0.541795,0.25
65,39,0.456001,0.3
65,24,0.52072,0.27
65,1,0.899916,0.15
65,2,0.403327,0.34
65,84,0.979161,0.14
65,72,0.68534,0.2
65,83,0.358583,0.38
65,29,0.91129,0.15
65,71,0.600346,0.23
65,21,0.602677,0.23
65,95,0.51271,0.27
65,58,0.76258,0.18
65,75,0.770055,0.18
65,76,0.424042,0.33
65,34,0.23179,0.6
65,52,0.842921,0.16
65,44,0.253504,0.54
65,78,0.73632,0.19
65,97,1.0,0.14
65,51,0.452404,0.31
65,81,0.553739,0.25
65,4,0.392931,0.35
65,13,0.898535,0.15
65,59,0.298629,0.46
65,16,0.937457,0.15
65,27,0.659818,0.21
65,22,0.635656,0.22
65,32,0.819033,0.17
65,82,0.916732,0.15
65,91,0.701146,0.2
65,89,0.30696,0.45
65,8,0.90844,0.15
65,30,0.53762,0.26
65,40,0.320234,0.43
65,96,0.62618,0.22
65,46,0.652602,0.21
65,55,0.937957,0.15
65,77,0.217408,0.63
65,6,0.73339,0.19
65,85,0.822867,0.17
65,99,0.776123,0.18
65,57,0.528424,0.26
65,50,0.942654,0.15
65,67,0.694538,0.2
65,18,0.358515,0.38
65,93,0.778885,0.18
65,35,0.507251,0.27
65,90,0.47374,0.29
65,88,0.798485,0.17
65,43,0.235816,0.59
65,0,0.336553,0.41
65,60,0.153541,0.9
65,38,0.638363,0.22
65,23,0.921277,0.15
65,20,0.878915,0.16
65,14,0.594023,0.23
65,64,0.340674,0.41
65,5,0.908672,0.15
65,12,0.804613,0.17
65,7,0.631888,0.22
65,37,0.714769,0.19
65,11,0.779059,0.18
65,33,0.401373,0.34
65,41,0.414657,0.33
65,73,0.958643,0.14
66,33,0.945686,0.16
66,90,0.593049,0.26
66,28,0.154736,0.98
66,81,0.540245,0.28
66,56,0.458718,0.33
66,53,0.482358,0.31
66,54,0.412836,0.37
66,11,0.423161,0.36
66,31,0.815872,0.19
66,94,0.275178,0.55
66,50,0.725058,0.21
66,21,0.47774,0.32
66,68,0.504854,0.3
66,82,0.760176,0.2
66,3,0.636953,0.24
66,65,0.747141,0.2
66,10,0.715572,0.21
66,17,0.665558,0.23
66,86,0.827955,0.18
66,93,0.362691,0.42
66,66,0.716807,0.21
66,8,0.282492,0.54
66,44,0.345443,0.44
66,73,0.627988,0.24
66,38,1.0,0.15
66,58,0.413404,0.37
67,71,0.568414,71.01
67,62,0.364589,110.7
67,44,0.691536,58.36
67,81,0.354445,113.87
67,59,0.702128,57.48
67,6,0.596729,67.64
67,80,0.680952,59.27
67,29,0.581292,69.43
67,82,0.607657,66.42
67,2,0.741424,54.44
67,18,0.740033,54.54
67,75,0.754125,53.52
67,25,0.611815,65.97
67,90,0.521289,77.42
67,15,0.616813,65.43
67,13,0.941438,42.87
67,19,0.371571,108.62
67,43,0.423033,95.41
67,96,0.870452,46.37
67,1,0.48397,83.39
67,8,0.903741,44.66
67,64,0.556332,72.55
67,50,0.479593,84.16
67,4,0.478454,84.36
67,63,0.537731,75.06
67,35,0.282384,142.93
67,21,0.5571,72.45
67,86,0.560393,72.02
67,51,0.451493,89.39
67,97,0.460102,87.72
67,83,0.799661,50.47
67,23,0.281433,143.41
67,20,0.889265,45.39
67,92,0.714036,56.52
67,24,0.490437,82.29
67,52,0.887597,45.47
67,26,0.785272,51.4
67,78,0.356185,113.31
67,7,0.909374,44.38
67,40,0.503344,80.18
67,74,0.970081,41.61
67,93,0.64152,62.91
67,65,0.647083,62.37
67,10,0.377937,106.79
67,72,0.619906,65.11
67,0,0.428058,94.29
67,77,0.827058,48.8
67,31,0.931317,43.34
67,60,0.735287,54.89
67,12,0.427344,94.44
67,58,0.605436,66.66
67,79,0.727418,55.48
67,16,0.627442,64.33
67,11,0.520671,77.52
67,57,0.349666,115.43
67,41,0.529747,76.19
67,27,0.489084,82.52
67,48,0.515565,78.28
67,47,0.814759,49.54
67,36,0.283813,142.21
67,28,0.868756,46.46
67,68,0.765846,52.7
67,85,0.705304,57.22
67,30,0.803789,50.21
67,89,0.880871,45.82
67,49,1.0,40.36
67,67,0.465984,86.61
67,98,0.697031,57.9
67,5,0.799967,50.45
67,87,0.705541,57.21
67,33,0.504107,80.06
67,45,0.480783,83.95
67,42,0.738387,54.66
67,9,0.364072,110.86
67,53,0.456907,88.33
67,73,0.571185,70.66
67,69,0.883251,45.7
68,85,0.44889,0.0
68,16,0.254772,0.01
68,57,0.901668,0.0
68,22,0.75409,0.0
68,9,0.829081,0.0
68,6,0.390776,0.0
68,40,0.810878,0.0
68,12,0.672517,0.0
68,31,0.684407,0.0
68,91,0.523787,0.0
68,35,0.341042,0.0
68,48,0.830174,0.0
68,7,0.619763,0.0
68,92,0.618891,0.0
68,69,0.201998,0.01
68,39,0.540864,0.0
68,20,0.704374,0.0
68,19,0.69059,0.0
68,0,0.60842,0.0
68,86,0.646412,0.0
68,30,0.749802,0.0
68,68,0.784167,0.0
68,70,0.948644,0.0
68,21,0.740623,0.0
68,46,0.769323,0.0
68,79,0.966259,0.0
68,96,0.431727,0.0
68,4,0.249534,0.01
68,77,0.411575,0.0
68,25,0.551547,0.0
68,95,0.905741,0.0
68,49,0.895358,0.0
68,66,0.539928,0.0
68,15,0.855352,0.0
68,52,0.920041,0.0
68,28,0.524451,0.0
68,53,0.874541,0.0
68,63,0.422768,0.0
68,81,0.356372,0.0
68,67,0.851176,0.0
68,34,0.383119,0.0
68,36,0.983874,0.0
68,43,0.213296,0.01
68,42,0.812465,0.0
68,97,0.267935,0.01
68,5,0.53845,0.0
68,41,0.463509,0.0
68,44,0.721394,0.0
68,74,0.819109,0.0
68,60,0.960231,0.0
68,47,0.911053,0.0
68,24,0.468796,0.0
68,38,0.831062,0.0
68,61,0.897165,0.0
68,29,0.56852,0.0
68,32,0.474007,0.0
68,37,0.818158,0.0
68,82,0.843257,0.0
68,62,0.407628,0.0
68,90,0.69981,0.0
68,27,0.208903,0.01
68,51,0.86311,0.0
68,11,0.853507,0.0
68,2,0.935244,0.0
68,58,0.35197,0.0
68,1,0.541888,0.0
68,73,0.968296,0.0
68,8,0.949606,0.0
68,54,0.810036,0.0
68,65,0.858627,0.0
68,33,0.840278,0.0
68,45,0.422223,0.0
68,3,0.471233,0.0
68,88,0.875646,0.0
68,59,0.787599,0.0
68,50,0.685176,0.0
68,75,0.769504,0.0
68,14,0.353326,0.0
68,84,1.0,0.0
68,13,0.409974,0.0
68,87,0.993762,0.0
68,78,0.586072,0.0
68,17,0.558801,0.0
68,55,0.359777,0.0
68,23,0.254188,0.01
68,80,0.886016,0.0
68,10,0.446428,0.0
68,83,0.367639,0.0
68,18,0.70516,0.0
68,99,0.630473,0.0
69,22,0.66721,0.0
69,36,0.743191,0.0
69,31,0.605665,0.0
69,93,0.497877,0.0
69,71,0.113709,0.0
69,99,0.424307,0.0
69,49,0.315651,0.0
69,79,0.613886,0.0
69,17,0.783687,0.0
69,70,0.646327,0.0
69,42,0.728549,0.0
69,43,0.320761,0.0
69,2,0.436555,0.0
69,57,0.937363,0.0
69,34,0.436103,0.0
69,26,0.624052,0.0
69,88,0.619286,0.0
69,87,0.626638,0.0
69,73,0.274599,0.0
69,44,0.758903,0.0
69,20,1.0,0.0
69,95,0.820448,0.0
69,66,0.826357,0.0
69,47,0.621635,0.0
69,85,0.986691,0.0
69,61,0.520457,0.0
69,1,0.524298,0.0
69,97,0.868928,0.0
69,54,0.161061,0.0
69,78,0.808153,0.0
69,98,0.694918,0.0
69,41,0.715714,0.0
69,84,0.551212,0.0
69,68,0.632545,0.0
69,12,0.430033,0.0
69,60,0.901851,0.0
69,51,0.852576,0.0
69,21,0.602743,0.0
69,82,0.396317,0.0
69,16,0.680272,0.0
69,29,0.24742,0.0
69,7,0.338033,0.0
69,63,0.3235,0.0
69,35,0.796725,0.0
69,33,0.838606,0.0
69,65,0.808222,0.0
69,0,0.590083,0.0
69,74,0.126174,0.0
69,48,0.555277,0.0
69,37,0.729605,0.0
69,50,0.950771,0.0
69,62,0.928976,0.0
69,91,0.866256,0.0
69,8,0.392966,0.0
69,56,0.839118,0.0
69,32,0.853447,0.0
70,2,0.308872,62.79
70,94,0.938607,20.66
70,47,0.648339,29.91
70,91,0.646227,30.01
70,17,0.460999,42.07
70,97,0.768175,25.25
70,51,0.709876,27.32
70,43,0.238912,81.18
70,76,0.482915,40.16
70,75,0.288586,67.2
70,98,0.642104,30.2
70,99,0.677197,28.64
70,67,0.833522,23.27
70,82,0.551059,35.19
70,79,0.714469,27.14
70,8,0.81217,23.88
70,35,0.577909,33.56
70,21,0.706841,27.44
70,29,0.710081,27.31
70,81,0.677795,28.61
70,0,0.708068,27.39
70,23,0.316368,61.3
70,73,1.0,19.39
70,78,0.358491,54.1
70,63,0.720361,26.92
70,54,0.759211,25.55
70,36,0.818932,23.68
70,88,0.587012,33.04
70,40,0.830298,23.36
70,83,0.730785,26.54
70,61,0.335085,57.88
70,30,0.791425,24.51
70,74,0.22583,85.88
70,22,0.727927,26.64
70,19,0.515389,37.63
70,84,0.750551,25.84
70,32,0.73709,26.31
70,3,0.102602,189.02
70,66,0.559551,34.66
70,4,0.896282,21.64
70,13,0.749419,25.88
70,56,0.752381,25.78
70,5,0.606171,31.99
70,34,0.486662,39.85
70,24,0.834645,23.24
70,55,0.988735,19.62
70,72,0.934,20.76
70,65,0.345252,56.17
70,31,0.835326,23.22
70,52,0.931484,20.82
70,28,0.357921,54.19
70,15,0.799028,24.27
70,59,0.400676,48.4
70,70,0.763442,25.4
70,37,0.99574,19.48
70,57,0.832465,23.3
70,16,0.536933,36.12
70,80,0.858268,22.6
70,90,0.432871,44.8
70,86,0.460069,42.16
70,10,0.831677,23.32
70,92,0.478186,40.56
70,42,0.811699,23.89
70,50,0.313333,61.9
70,77,0.329198,58.91
70,64,0.917511,21.14
70,85,0.687211,28.22
70,12,0.642693,30.18
70,20,0.744349,26.06
70,46,0.800776,24.22
70,58,0.870623,22.28
70,9,0.653062,29.7
70,62,0.753887,25.73
70,33,0.869165,22.31
70,96,0.888186,21.84
70,71,0.417905,46.41
70,44,0.751924,25.79
70,7,0.639118,30.35
70,38,0.447675,43.32
70,48,0.912424,21.26
70,69,0.629773,30.8
70,11,0.876889,22.12
70,53,0.61739,31.41
70,89,0.707695,27.4
70,87,0.939255,20.65
70,60,0.44934,43.16
70,93,0.869742,22.3
70,68,0.61796,31.38
70,41,0.614191,31.58
70,14,0.679534,28.54
70,1,0.809781,23.95
70,27,0.345889,56.07
70,49,0.913233,21.24
70,18,0.781746,24.81
70,95,0.737282,26.31
70,26,0.708557,27.37
70,6,0.102602,189.02
70,39,0.572723,33.86
71,64,0.728148,0.11
71,8,0.441261,0.18
71,58,0.497445,0.16
71,61,0.840809,0.1
71,47,0.545867,0.15
71,95,0.563778,0.14
71,98,0.900767,0.09
71,19,0.437077,0.19
71,73,0.895953,0.09
71,86,0.766919,0.11
71,88,0.384249,0.21
71,35,0.630029,0.13
71,38,0.527409,0.15
71,12,0.289184,0.28
71,39,0.681491,0.12
71,77,0.176365,0.46
71,21,0.843628,0.1
71,43,0.493967,0.17
71,26,0.577573,0.14
71,90,0.613122,0.13
71,54,0.352337,0.23
71,89,0.770267,0.11
71,69,0.340278,0.24
71,22,0.931356,0.09
71,66,0.587146,0.14
71,31,0.545917,0.15
71,75,0.50917,0.16
71,82,0.320334,0.25
71,60,0.92704,0.09
71,34,0.52002,0.16
71,56,0.204311,0.4
71,84,0.837294,0.1
71,55,0.804201,0.1
71,44,0.516644,0.16
71,48,0.770914,0.11
71,40,0.379844,0.21
71,4,0.658455,0.12
71,30,0.418468,0.2
71,1,0.368184,0.22
71,23,0.418785,0.19
71,20,0.872695,0.09
71,92,0.623538,0.13
71,46,0.521831,0.16
71,85,0.556364,0.15
71,16,0.394314,0.21
71,41,0.597862,0.14
71,50,0.593164,0.14
71,45,0.805172,0.1
71,13,0.382981,0.21
71,99,0.754867,0.11
71,97,0.726488,0.11
71,14,0.374513,0.22
71,27,0.644233,0.13
71,70,0.125361,0.65
71,62,0.67324,0.12
71,42,0.942702,0.09
71,74,0.420948,0.19
71,6,0.914286,0.09
71,83,0.739916,0.11
71,81,0.486277,0.17
71,36,0.455121,0.18
71,11,0.836038,0.1
71,9,0.755804,0.11
71,0,0.979275,0.08
71,17,0.714422,0.11
71,3,0.613792,0.13
71,72,0.194324,0.42
71,25,0.726706,0.11
71,15,1.0,0.08
71,37,0.613145,0.13
71,94,0.938783,0.09
71,57,0.412544,0.2
71,87,0.608901,0.13
71,91,0.544211,0.15
71,29,0.913345,0.09
71,18,0.619532,0.13
71,65,0.45918,0.18
71,71,0.743764,0.11
71,28,0.927151,0.09
71,96,0.451145,0.18
71,59,0.344538,0.24
71,79,0.712996,0.11
71,24,0.250949,0.33
71,10,0.758713,0.11
71,93,0.610342,0.13
71,7,0.956965,0.09
71,76,0.306266,0.27
71,78,0.399412,0.2
71,63,0.817362,0.1
71,52,0.813115,0.1
71,32,0.325736,0.25
71,80,0.570097,0.14
71,49,0.886228,0.09
71,53,0.272051,0.3
71,5,0.805177,0.1
71,2,0.867902,0.09
71,33,0.639102,0.13
72,97,0.689642,0.01
72,26,0.841359,0.01
72,74,0.246478,0.04
72,1,0.58191,0.02
72,77,0.83921,0.01
72,64,0.497521,0.02
72,33,0.835797,0.01
72,87,0.712782,0.01
72,48,0.574627,0.02
72,67,0.197029,0.05
72,44,0.717464,0.01
72,53,0.422064,0.02
72,96,0.372635,0.02
72,55,0.250535,0.04
72,91,0.817255,0.01
72,75,0.713547,0.01
72,76,0.509433,0.02
72,23,0.946301,0.01
72,52,0.750689,0.01
72,8,1.0,0.01
72,27,0.768515,0.01
72,66,0.528758,0.02
72,16,0.370122,0.03
73,66,0.51764,0.0
73,63,0.507846,0.0
73,25,0.732675,0.0
73,89,0.835105,0.0
73,9,0.355562,0.0
73,32,0.697957,0.0
73,20,0.556076,0.0
73,39,0.391923,0.0
73,72,0.824662,0.0
73,46,0.889902,0.0
73,52,0.104731,0.0
73,22,0.964349,0.0
73,73,0.634002,0.0
73,14,0.87301,0.0
73,60,0.217767,0.0
73,87,0.496128,0.0
73,50,0.880555,0.0
73,92,1.0,0.0
73,38,0.961475,0.0
73,86,0.636902,0.0
73,54,0.506957,0.0
73,1,0.802413,0.0
73,30,0.872712,0.0
73,24,0.620084,0.0
73,23,0.442312,0.0
73,69,0.88691,0.0
73,71,0.729193,0.0
73,64,0.823703,0.0
73,0,0.74907,0.0
73,85,0.834348,0.0
73,84,0.269392,0.0
73,2,0.479409,0.0
73,41,0.251804,0.0
73,10,0.610522,0.0
73,5,0.273758,0.0
73,88,0.363546,0.0
73,62,0.660771,0.0
73,19,0.753677,0.0
73,21,0.824343,0.0
73,43,0.894685,0.0
74,33,0.561364,0.18
74,62,0.68346,0.14
74,42,0.818905,0.12
74,53,0.597513,0.16
74,73,0.443432,0.22
74,1,0.475937,0.21
74,94,0.373521,0.26
74,81,0.62397,0.16
74,8,0.589306,0.17
74,66,0.760174,0.13
74,34,1.0,0.1
74,16,0.422972,0.23
74,78,0.796927,0.12
74,28,0.4941,0.2
74,27,0.675914,0.15
74,97,0.843446,0.12
74,87,0.326362,0.3
74,67,0.281558,0.35
74,89,0.849827,0.12
74,57,0.553428,0.18
74,39,0.588753,0.17
74,20,0.425147,0.23
74,83,0.652502,0.15
74,95,0.751468,0.13
74,68,0.330254,0.3
74,31,0.458243,0.21
74,41,0.617703,0.16
74,96,0.846475,0.12
75,14,0.79056,0.16
75,42,0.846569,0.15
75,88,0.612218,0.2
75,63,0.788061,0.16
75,40,0.657606,0.19
75,45,0.959297,0.13
75,96,1.0,0.12
75,15,0.824569,0.15
75,50,0.904243,0.14
75,55,0.957449,0.13
75,29,0.317298,0.39
75,22,0.649674,0.19
75,65,0.55568,0.22
75,80,0.45253,0.27
75,83,0.599669,0.21
75,16,0.644826,0.19
75,35,0.150899,0.82
75,52,0.82992,0.15
75,31,0.797004,0.15
75,2,0.255093,0.48
75,90,0.737129,0.17
75,92,0.686434,0.18
75,82,0.505393,0.24
75,17,0.669897,0.18
75,9,0.497017,0.25
75,68,0.15972,0.77
75,46,0.79994,0.15
75,79,0.551024,0.22
75,30,0.697121,0.18
75,95,0.728789,0.17
75,84,0.575724,0.21
75,1,0.845823,0.15
75,0,0.46039,0.27
75,58,0.617639,0.2
75,72,0.785627,0.16
75,75,0.844411,0.15
75,70,0.941546,0.13
75,86,0.559959,0.22
75,18,0.860172,0.14
75,64,0.76206,0.16
75,3,0.819722,0.15
75,20,0.804519,0.15
75,38,0.425903,0.29
75,85,0.717441,0.17
75,98,0.402648,0.31
75,24,0.823285,0.15
75,32,0.71805,0.17
75,51,0.48738,0.25
75,97,0.703264,0.18
75,87,0.97325,0.13
75,41,0.479253,0.26
75,26,0.845925,0.15
75,57,0.311064,0.4
75,28,0.408041,0.3
75,89,0.618207,0.2
75,4,0.493367,0.25
75,19,0.68049,0.18
75,12,0.683215,0.18
75,13,0.347362,0.35
75,27,0.717723,0.17
75,74,0.58602,0.21
75,53,0.907188,0.14
75,62,0.101144,1.22
75,37,0.53432,0.23
75,6,0.761208,0.16
75,36,0.24722,0.5
75,5,0.25596,0.48
75,61,0.445974,0.28
75,48,0.852339,0.14
75,23,0.813196,0.15
75,59,0.904,0.14
75,93,0.842126,0.15
75,39,0.675806,0.18
75,71,0.459141,0.27
75,56,0.810926,0.15
75,43,0.684253,0.18
75,44,0.637431,0.19
75,78,0.655518,0.19
75,69,0.931869,0.13
75,21,0.589854,0.21
76,56,0.43927,0.22
76,62,0.750069,0.13
76,97,0.483908,0.2
76,28,0.734623,0.13
76,83,0.386719,0.25
76,61,0.291332,0.33
76,40,0.81386,0.12
76,73,0.413235,0.24
76,39,0.696776,0.14
76,76,0.328835,0.3
76,25,0.706901,0.14
76,89,0.252151,0.39
76,4,0.830266,0.12
76,99,0.876666,0.11
76,67,0.686215,0.14
76,13,0.509663,0.19
76,14,0.767818,0.13
76,9,1.0,0.1
76,86,0.827227,0.12
76,84,0.535731,0.18
76,92,0.336326,0.29
76,54,0.303651,0.32
76,6,0.556503,0.17
76,87,0.142481,0.68
76,35,0.403367,0.24
76,3,0.266821,0.36
76,21,0.326657,0.3
76,11,0.756613,0.13
76,34,0.103832,0.94
77,85,0.79668,334.31
77,98,0.392292,678.93
77,95,0.524645,507.65
77,7,0.466108,571.41
77,10,0.308182,864.22
77,41,0.535519,497.34
77,54,0.581302,458.17
77,9,0.837286,318.1
77,53,0.32889,809.81
77,92,0.387438,687.43
77,74,1.0,266.34
77,58,0.818898,325.24
77,24,0.573839,464.13
77,71,0.551206,483.19
77,33,0.664556,400.77
77,32,0.353245,753.97
77,79,0.382313,696.65
77,80,0.635552,419.06
77,65,0.78863,337.72
77,97,0.357711,744.56
77,17,0.485393,548.7
77,11,0.625406,425.86
77,29,0.482336,552.18
77,0,0.868912,306.52
77,6,0.803348,331.53
77,86,0.254053,1048.35
77,81,0.77634,343.07
77,83,0.850526,313.14
77,87,0.542591,490.86
77,67,0.193929,1373.37
77,38,0.470543,566.02
77,48,0.569886,467.35
77,75,0.846283,314.71
77,51,0.840807,316.76
78,58,0.66986,3.41
78,1,0.591492,3.86
78,27,0.781001,2.92
78,90,0.744381,3.07
78,67,0.543326,4.2
78,54,0.573583,3.98
78,18,0.86216,2.65
78,45,0.645757,3.54
78,50,0.684393,3.34
78,83,0.553203,4.13
78,59,0.798916,2.86
78,55,0.611945,3.73
78,13,0.440863,5.18
78,87,0.724118,3.15
78,20,0.977055,2.34
78,46,0.988631,2.31
78,71,0.613784,3.72
78,37,0.539893,4.23
78,85,0.531839,4.29
78,26,0.433779,5.27
78,80,0.87982,2.6
78,3,0.687951,3.32
78,98,0.662819,3.45
78,69,0.728066,3.14
78,5,0.675617,3.38
78,84,0.206843,11.04
78,91,0.413134,5.53
78,31,0.878939,2.6
78,4,0.639536,3.57
78,65,0.616523,3.7
78,93,0.786607,2.9
78,21,0.217555,10.5
78,32,0.562992,4.06
78,17,0.335733,6.8
78,70,0.730851,3.13
78,89,0.539795,4.23
78,28,0.574249,3.98
78,61,0.395081,5.78
78,99,0.281333,8.12
78,53,0.518144,4.41
78,88,1.0,2.28
78,10,0.861538,2.65
78,51,0.456511,5.0
78,7,0.880718,2.59
78,2,0.625301,3.65
78,30,0.145305,15.72
78,43,0.536259,4.26
78,92,0.616224,3.71
78,33,0.577909,3.95
78,57,0.367996,6.21
78,12,0.479218,4.77
78,75,0.39337,5.81
78,62,0.687761,3.32
78,40,0.539963,4.23
78,63,0.755281,3.02
78,14,0.263331,8.67
78,97,0.72418,3.15
78,22,0.521927,4.38
78,76,0.644208,3.55
78,34,0.630652,3.62
78,42,0.315546,7.24
78,9,0.65613,3.48
78,11,0.552722,4.13
78,0,0.379708,6.02
78,94,0.417528,5.47
78,8,0.409945,5.57
78,36,0.580381,3.94
78,96,0.545842,4.18
78,52,0.784481,2.91
78,60,0.296661,7.7
79,59,1.0,0.0
79,49,0.29218,0.0
79,12,0.56741,0.0
79,87,0.618157,0.0
79,81,0.391072,0.0
79,24,0.864416,0.0
79,40,0.817822,0.0
79,84,0.78961,0.0
79,3,0.758945,0.0
79,82,0.872804,0.0
79,80,0.645216,0.0
79,0,0.870654,0.0
79,62,0.680358,0.0
79,65,0.860933,0.0
79,68,0.556194,0.0
79,27,0.767289,0.0
79,98,0.849471,0.0
79,74,0.644105,0.0
79,20,0.513636,0.0
79,19,0.279596,0.0
79,94,0.775843,0.0
79,25,0.507623,0.0
79,64,0.643175,0.0
79,41,0.948081,0.0
79,36,0.833002,0.0
79,1,0.286733,0.0
79,30,0.462363,0.0
79,79,0.377155,0.0
79,52,0.403887,0.0
79,43,0.359869,0.0
79,16,0.48572,0.0
79,42,0.652593,0.0
79,5,0.439144,0.0
79,23,0.983481,0.0
79,28,0.776523,0.0
79,11,0.48792,0.0
79,17,0.596213,0.0
79,99,0.723953,0.0
79,71,0.653218,0.0
79,70,0.693761,0.0
79,51,0.584626,0.0
79,78,0.388084,0.0
79,95,0.174971,0.0
79,97,0.785144,0.0
79,10,0.382642,0.0
79,29,0.655187,0.0
79,15,0.61951,0.0
79,57,0.467088,0.0
79,44,0.995324,0.0
79,85,0.608528,0.0
79,45,0.875598,0.0
79,21,0.802892,0.0
79,7,0.700596,0.0
79,18,0.843502,0.0
79,39,0.656143,0.0
79,86,0.943529,0.0
79,9,0.673319,0.0
79,69,0.515242,0.0
79,38,0.599828,0.0
79,91,0.42811,0.0
79,56,0.621041,0.0
79,8,0.501434,0.0
79,76,0.698359,0.0
79,53,0.825789,0.0
79,63,0.59409,0.0
79,73,0.822017,0.0
79,31,0.514221,0.0
79,4,0.728267,0.0
79,46,0.591014,0.0
79,13,0.456806,0.0
79,58,0.476882,0.0
79,89,0.955719,0.0
79,55,0.533949,0.0
79,90,0.519409,0.0
79,33,0.847935,0.0
79,47,0.446803,0.0
79,22,0.711414,0.0
79,77,0.826288,0.0
79,92,0.915089,0.0
80,89,0.548,20.91
80,66,0.975055,11.75
80,47,0.310995,36.85
80,88,0.687657,16.67
80,9,0.713849,16.05
80,68,0.950444,12.06
80,32,0.496416,23.09
80,52,0.796106,14.39
80,86,0.901317,12.71
80,54,0.408675,28.04
80,65,0.707525,16.2
80,78,0.613562,18.68
80,70,0.673417,17.02
80,85,0.87858,13.04
80,41,0.716969,15.98
80,76,0.384137,29.83
80,28,0.489697,23.4
80,21,1.0,11.46
80,95,0.343405,33.37
80,31,0.659074,17.39
80,45,0.873376,13.12
80,73,0.765396,14.97
80,92,0.80141,14.3
80,15,0.286604,39.98
80,64,0.61767,18.55
80,26,0.62949,18.2
80,6,0.484455,23.66
81,65,0.300925,8.82
81,42,0.356217,7.45
81,99,0.944381,2.81
81,51,0.348639,7.61
81,48,0.337918,7.85
81,29,0.671949,3.95
81,45,1.0,2.65
81,55,0.802748,3.31
81,41,0.387543,6.85
81,90,0.759208,3.49
81,37,0.346813,7.65
81,10,0.374599,7.08
81,66,0.542476,4.89
81,3,0.854029,3.11
81,21,0.516119,5.14
81,80,0.50669,5.24
81,70,0.232672,11.4
81,87,0.541123,4.9
81,22,0.135865,19.53
81,43,0.414552,6.4
81,17,0.63936,4.15
81,9,0.90989,2.92
81,85,0.445363,5.96
81,82,0.687423,3.86
81,69,0.695353,3.82
81,95,0.87155,3.04
81,92,0.493939,5.37
81,5,0.687138,3.86
81,40,0.487198,5.45
81,34,0.622154,4.26
81,49,0.970193,2.73
81,67,0.894882,2.96
81,39,0.892752,2.97
81,81,0.718634,3.69
81,64,0.796364,3.33
81,20,0.237466,11.17
81,36,0.829364,3.2
81,28,0.907191,2.92
81,56,0.689178,3.85
81,2,0.976766,2.72
81,77,0.927538,2.86
81,78,0.771902,3.44
81,60,0.852928,3.11
81,15,0.139979,18.95
81,72,0.357294,7.43
81,98,0.628022,4.22
81,14,0.793903,3.34
81,84,0.969537,2.74
81,88,0.880814,3.01
81,68,0.782945,3.39
81,83,0.696511,3.81
81,35,0.255929,10.37
81,94,0.358015,7.41
81,73,0.35454,7.48
81,96,0.418783,6.34
81,13,0.849918,3.12
81,93,0.356941,7.43
81,1,0.820114,3.24
81,44,0.636061,4.17
81,27,0.515993,5.14
81,24,0.773779,3.43
81,33,0.649967,4.08
81,71,0.517678,5.13
81,18,0.696932,3.81
81,8,0.796322,3.33
81,62,0.479676,5.53
81,30,0.746699,3.55
81,50,0.305981,8.67
81,74,0.455232,5.83
81,91,0.435927,6.09
81,79,0.619809,4.28
81,76,0.500594,5.3
81,59,0.376843,7.04
81,32,0.273976,9.68
81,52,0.21754,12.2
81,46,0.389535,6.81
81,61,0.564067,4.7
81,4,0.462009,5.74
81,16,0.843606,3.15
81,53,0.198913,13.34
81,12,0.737762,3.6
81,0,0.296328,8.95
81,7,0.233112,11.38
81,75,0.395103,6.72
81,63,0.65346,4.06
81,31,0.260925,10.17
81,47,0.870066,3.05
81,38,0.670388,3.96
81,97,0.973171,2.73
81,86,0.535276,4.96
81,89,0.675884,3.93
81,19,0.299598,8.86
81,54,0.671315,3.95
81,26,0.850656,3.12
81,23,0.715008,3.71
81,25,0.7548,3.52
81,11,0.54512,4.87
81,57,0.566393,4.68
81,6,0.618801,4.29
82,39,0.745249,0.01
82,49,0.593313,0.01
82,3,0.285214,0.01
82,25,0.775799,0.0
82,48,0.855509,0.0
82,9,0.444757,0.01
82,11,0.144293,0.03
82,66,0.141128,0.03
82,77,0.655073,0.01
82,21,0.233265,0.02
82,51,1.0,0.0
82,2,0.755402,0.01
82,42,0.465343,0.01
82,43,0.60348,0.01
82,86,0.343485,0.01
82,80,0.555018,0.01
82,34,0.271615,0.01
82,95,0.840092,0.0
82,44,0.653201,0.01
82,33,0.882274,0.0
82,22,0.82662,0.0
82,50,0.581268,0.01
82,64,0.617113,0.01
82,31,0.55049,0.01
82,82,0.115859,0.03
82,91,0.81743,0.0
82,32,0.882632,0.0
82,29,0.582135,0.01
82,63,0.874069,0.0
82,57,0.708982,0.01
82,93,0.841998,0.0
82,83,0.559804,0.01
82,97,0.354771,0.01
83,67,0.658578,0.0
83,59,0.309086,0.01
83,4,0.743158,0.0
83,86,0.393442,0.01
83,66,0.510846,0.01
83,76,0.403699,0.01
83,35,0.718811,0.0
83,9,0.535007,0.0
83,0,1.0,0.0
83,62,0.755379,0.0
83,73,0.849881,0.0
83,15,0.431169,0.01
83,14,0.198031,0.01
83,53,0.284613,0.01
83,88,0.734141,0.0
83,92,0.991852,0.0
83,38,0.735436,0.0
83,51,0.768885,0.0
83,32,0.583556,0.0
83,81,0.939248,0.0
83,48,0.446302,0.01
83,10,0.806898,0.0
83,13,0.867368,0.0
83,74,0.452027,0.01
83,64,0.929781,0.0
83,30,0.633622,0.0
83,7,0.753778,0.0
83,58,0.933545,0.0
84,28,0.797763,4.35
84,30,0.391692,8.85
84,1,0.713999,4.86
84,78,0.716141,4.84
84,91,0.588187,5.9
84,4,0.522499,6.64
84,59,0.879429,3.94
84,33,0.586343,5.91
84,5,0.267171,12.98
84,48,0.652966,5.31
84,29,0.518049,6.69
84,42,0.652264,5.32
84,11,0.688114,5.04
84,55,0.509216,6.81
84,65,0.777613,4.46
84,43,0.232154,14.94
84,18,0.676581,5.13
84,82,0.5903,5.88
84,19,0.613174,5.66
84,34,0.832837,4.16
84,93,0.702035,4.94
84,51,0.91554,3.79
84,61,0.612033,5.67
84,47,0.682024,5.09
84,15,0.620041,5.59
84,16,0.657642,5.27
84,84,1.0,3.47
84,71,0.6922,5.01
84,25,0.899971,3.85
84,77,0.936498,3.7
84,3,0.240591,14.42
84,7,0.639252,5.43
84,45,0.691989,5.01
84,26,0.502408,6.9
84,96,0.913039,3.8
84,52,0.666997,5.2
84,66,0.442863,7.83
84,12,0.355411,9.76
84,8,0.562789,6.16
84,31,0.80141,4.33
84,27,0.37793,9.18
84,14,0.578256,6.0
84,13,0.741631,4.68
84,74,0.541293,6.41
84,70,0.338204,10.25
84,9,0.610961,5.68
84,80,0.533333,6.5
84,22,0.525027,6.61
84,44,0.797455,4.35
84,72,0.643044,5.39
84,10,0.608206,5.7
84,92,0.80846,4.29
84,58,0.204605,16.95
84,89,0.837753,4.14
84,86,0.841934,4.12
84,76,0.550241,6.3
84,60,0.844076,4.11
84,87,0.582092,5.96
84,88,0.877217,3.95
84,21,0.552243,6.28
84,37,0.63287,5.48
84,57,0.186756,18.57
84,6,0.676736,5.12
84,2,0.607694,5.71
84,85,0.851592,4.07
84,35,0.347993,9.97
84,98,0.493883,7.02
84,69,0.680307,5.1
84,0,0.105261,32.95
84,17,0.615942,5.63
84,64,0.81557,4.25
84,83,0.851468,4.07
84,54,0.400296,8.66
84,94,0.536265,6.47
84,20,0.306929,11.3
84,39,0.638957,5.43
85,62,0.729101,0.01
85,89,0.663821,0.01
85,12,1.0,0.01
85,76,0.677738,0.01
85,54,0.263861,0.02
85,10,0.778504,0.01
85,19,0.637325,0.01
85,75,0.804541,0.01
85,28,0.28887,0.02
85,26,0.595362,0.01
85,17,0.474563,0.01
85,9,0.656443,0.01
85,24,0.656298,0.01
85,35,0.969276,0.01
85,73,0.480432,0.01
85,45,0.315237,0.02
85,20,0.758791,0.01
85,98,0.898588,0.01
85,5,0.628151,0.01
85,72,0.219428,0.03
85,33,0.789497,0.01
85,81,0.63484,0.01
86,18,0.422935,0.17
86,77,0.468807,0.16
86,35,0.583194,0.13
86,10,0.684403,0.11
86,39,0.569679,0.13
86,99,0.104929,0.7
86,85,0.727483,0.1
86,79,0.705882,0.1
86,84,0.565855,0.13
86,2,0.579822,0.13
86,37,0.690028,0.11
86,92,0.808575,0.09
86,45,0.685522,0.11
86,58,0.768146,0.1
86,83,0.512416,0.14
86,56,0.840661,0.09
86,55,1.0,0.07
86,22,0.264382,0.28
86,40,0.75946,0.1
86,24,0.706412,0.1
86,68,0.590956,0.12
86,36,0.633822,0.12
86,86,0.787685,0.09
86,51,0.578437,0.13
86,49,0.292611,0.25
86,96,0.833976,0.09
86,44,0.515545,0.14
86,80,0.580051,0.13
86,5,0.679719,0.11
86,12,0.703375,0.1
86,50,0.673514,0.11
86,78,0.266987,0.27
86,63,0.54275,0.13
86,17,0.718483,0.1
86,76,0.58076,0.13
86,15,0.641172,0.11
86,60,0.210278,0.35
86,94,0.63873,0.11
86,43,0.441247,0.17
86,87,0.68387,0.11
86,72,0.851052,0.09
86,91,0.54805,0.13
86,33,0.967754,0.08
86,20,0.836722,0.09
86,89,0.520911,0.14
86,0,0.613597,0.12
86,8,0.6979,0.1
86,69,0.359106,0.2
86,61,0.774529,0.09
86,59,0.85984,0.09
86,53,0.689173,0.11
86,38,0.592501,0.12
86,28,0.873683,0.08
87,39,0.690337,2.18
87,58,0.810731,1.86
87,60,0.711848,2.11
87,92,0.789924,1.91
87,63,0.502633,2.99
87,32,0.822769,1.83
87,0,0.686993,2.19
87,98,0.694779,2.17
87,2,0.572685,2.63
87,28,0.609976,2.47
87,51,0.883306,1.7
87,49,0.9789,1.54
87,52,0.670085,2.25
87,45,0.340582,4.42
87,89,0.685882,2.19
87,1,0.302847,4.97
87,93,0.560626,2.68
87,57,0.789645,1.91
87,48,0.913781,1.65
87,17,0.850616,1.77
87,20,0.585634,2.57
87,70,0.741137,2.03
87,19,0.892419,1.69
87,15,0.585223,2.57
87,23,0.772009,1.95
87,68,0.555081,2.71
87,16,0.834851,1.8
87,76,0.820342,1.83
87,27,0.570626,2.64
87,64,0.442743,3.4
87,53,0.628335,2.39
87,74,0.524011,2.87
87,21,0.58034,2.59
87,61,0.587327,2.56
87,33,0.514092,2.93
87,56,0.7398,2.03
87,80,0.848627,1.77
87,71,0.75826,1.98
87,73,0.61028,2.47
87,86,0.622543,2.42
87,50,0.63418,2.37
87,13,0.589368,2.55
87,38,0.490374,3.07
87,96,0.197585,7.62
87,12,0.747329,2.01
87,54,0.400102,3.76
87,83,0.813438,1.85
87,77,0.646309,2.33
87,46,1.0,1.5
87,88,0.54483,2.76
87,75,0.726637,2.07
87,41,0.544139,2.77
87,37,0.520032,2.89
87,62,0.434404,3.46
87,36,0.867318,1.74
87,10,0.782113,1.92
87,42,0.647594,2.32
87,91,0.374224,4.02
87,25,0.699274,2.15
87,81,0.622082,2.42
87,40,0.421474,3.57
87,43,0.494498,3.04
87,95,0.374554,4.02
87,34,0.614017,2.45
87,22,0.521626,2.88
87,14,0.484417,3.11
87,6,0.36675,4.1
87,11,0.591922,2.54
87,55,0.816436,1.84
87,8,0.546482,2.75
87,79,0.893677,1.68
87,30,0.439334,3.43
87,65,0.797015,1.89
87,44,0.573702,2.62
87,66,0.890305,1.69
87,59,0.82187,1.83
87,90,0.490253,3.07
87,18,0.330402,4.55
87,47,0.768827,1.96
88,78,1.0,0.0
88,1,0.789132,0.0
88,24,0.564646,0.0
88,15,0.655302,0.0
88,57,0.861545,0.0
88,70,0.578627,0.0
88,64,0.878508,0.0
88,31,0.601236,0.0
88,84,0.785196,0.0
88,49,0.947367,0.0
88,32,0.829376,0.0
88,92,0.123496,0.0
88,10,0.548306,0.0
88,54,0.490505,0.0
88,63,0.531246,0.0
88,66,0.64358,0.0
88,41,0.636593,0.0
88,79,0.853991,0.0
88,93,0.656657,0.0
88,34,0.863071,0.0
88,33,0.406288,0.0
88,80,0.513698,0.0
88,5,0.923513,0.0
88,94,0.415774,0.0
88,71,0.537227,0.0
88,73,0.805329,0.0
88,40,0.51164,0.0
89,73,0.954434,0.0
89,17,0.519841,0.0
89,83,0.781833,0.0
89,32,0.432305,0.0
89,36,0.558906,0.0
89,52,0.90697,0.0
89,91,0.759615,0.0
89,37,0.667865,0.0
89,5,0.751565,0.0
89,30,0.495512,0.0
89,42,0.436496,0.0
89,3,0.24892,0.0
89,56,0.473265,0.0
89,94,0.700698,0.0
89,76,0.261954,0.0
89,46,0.842533,0.0
89,44,0.720001,0.0
89,45,0.639841,0.0
89,85,0.622977,0.0
89,26,0.750233,0.0
89,47,0.317358,0.0
89,89,0.721712,0.0
89,65,0.282146,0.0
89,77,0.502713,0.0
89,9,0.222185,0.0
89,7,0.229959,0.0
89,64,0.818141,0.0
89,98,0.28854,0.0
89,19,0.518353,0.0
89,57,0.70073,0.0
89,87,0.385204,0.0
89,78,0.374893,0.0
89,38,0.741332,0.0
89,70,0.395707,0.0
89,66,0.643247,0.0
89,63,0.760194,0.0
89,99,1.0,0.0
89,72,0.472565,0.0
89,23,0.544228,0.0
89,95,0.789529,0.0
89,55,0.869976,0.0
89,11,0.911249,0.0
89,61,0.547611,0.0
89,18,0.463963,0.0
89,82,0.337224,0.0
89,74,0.74491,0.0
89,8,0.657792,0.0
89,13,0.887665,0.0
89,96,0.335689,0.0
89,28,0.799193,0.0
89,75,0.402126,0.0
89,69,0.612601,0.0
89,79,0.402618,0.0
89,92,0.651522,0.0
89,15,0.63364,0.0
89,90,0.732526,0.0
89,67,0.456973,0.0
89,97,0.775134,0.0
89,39,0.475711,0.0
89,2,0.719123,0.0
89,1,0.46791,0.0
89,31,0.22363,0.0
89,88,0.452217,0.0
89,48,0.573941,0.0
89,21,0.228449,0.0
89,81,0.828737,0.0
89,60,0.878178,0.0
89,71,0.102744,0.0
89,80,0.597096,0.0
89,14,0.705444,0.0
89,50,0.698788,0.0
89,53,0.863467,0.0
89,34,0.90848,0.0
89,84,0.943038,0.0
89,86,0.59086,0.0
89,25,0.792682,0.0
89,4,0.94019,0.0
89,6,0.977575,0.0
89,35,0.354861,0.0
89,33,0.251906,0.0
89,10,0.259505,0.0
89,24,0.620856,0.0
89,59,0.727563,0.0
89,43,0.896829,0.0
89,27,0.493646,0.0
90,80,0.276586,1.02
90,87,0.639371,0.44
90,42,0.959089,0.29
90,94,0.578048,0.49
90,14,0.439332,0.64
90,73,0.163007,1.73
90,3,0.60538,0.47
90,18,0.506073,0.56
90,4,0.491195,0.58
90,38,0.401246,0.7
90,8,0.616881,0.46
90,83,1.0,0.28
90,89,0.630851,0.45
90,41,0.718171,0.39
90,39,0.670032,0.42
90,69,0.534449,0.53
90,64,0.695145,0.41
90,91,0.757938,0.37
90,40,0.943381,0.3
90,12,0.956748,0.3
90,6,0.759855,0.37
90,77,0.931103,0.3
90,28,0.729387,0.39
90,24,0.369068,0.77
90,36,0.498152,0.57
90,50,0.524562,0.54
90,46,0.96341,0.29
90,31,0.2369,1.19
90,78,0.680885,0.42
90,53,0.643603,0.44
90,25,0.396722,0.71
90,30,0.666962,0.42
90,0,0.734969,0.38
90,81,0.336411,0.84
90,61,0.770988,0.37
90,47,0.548043,0.52
90,90,0.70052,0.4
90,99,0.981817,0.29
90,29,0.776396,0.36
90,44,0.582826,0.48
90,55,0.58569,0.48
90,93,0.954543,0.3
90,67,0.486929,0.58
90,75,0.508655,0.56
90,52,0.660696,0.43
90,34,0.403277,0.7
90,92,0.746929,0.38
90,7,0.45081,0.63
90,84,0.999148,0.28
90,49,0.482022,0.59
90,16,0.984449,0.29
90,95,0.47473,0.6
90,71,0.822791,0.34
90,88,0.6229,0.45
90,2,0.830097,0.34
90,66,0.573059,0.49
90,86,0.414114,0.68
90,9,0.637971,0.44
90,79,0.665153,0.42
90,65,0.355155,0.8
90,57,0.108893,2.6
90,17,0.940361,0.3
91,2,0.484334,1.24
91,38,0.668982,0.9
91,18,0.447945,1.34
91,62,0.602789,0.99
91,95,0.281334,2.13
91,75,0.956699,0.63
91,60,0.675646,0.89
91,33,0.377281,1.59
91,79,0.817919,0.73
91,24,1.0,0.6
91,44,0.283381,2.11
91,35,0.710418,0.84
91,74,0.738817,0.81
91,19,0.740141,0.81
91,14,0.619272,0.97
91,0,0.906215,0.66
91,13,0.834952,0.72
91,67,0.845393,0.71
91,9,0.739699,0.81
91,64,0.574199,1.04
91,69,0.902518,0.66
91,78,0.483255,1.24
91,53,0.864237,0.69
91,85,0.226726,2.64
91,27,0.722759,0.83
91,86,0.484462,1.24
91,31,0.923741,0.65
91,47,0.457015,1.31
92,55,0.617687,0.0
92,79,0.888971,0.0
92,64,0.373689,0.0
92,65,0.200505,0.0
92,66,0.59894,0.0
92,50,0.700002,0.0
92,51,0.121457,0.0
92,46,0.940565,0.0
92,98,0.240731,0.0
92,38,0.177401,0.0
92,69,0.742141,0.0
92,9,0.645252,0.0
92,89,0.775554,0.0
92,18,0.601552,0.0
92,59,0.505056,0.0
92,23,0.641992,0.0
92,76,0.463827,0.0
92,15,0.819162,0.0
92,31,1.0,0.0
92,49,0.934558,0.0
92,58,0.710834,0.0
92,41,0.668696,0.0
92,77,0.795059,0.0
92,13,0.716916,0.0
92,53,0.825669,0.0
92,39,0.728174,0.0
92,34,0.475936,0.0
92,82,0.692527,0.0
92,40,0.772534,0.0
92,24,0.920994,0.0
92,19,0.288516,0.0
92,14,0.556086,0.0
92,3,0.37549,0.0
92,12,0.49591,0.0
92,95,0.516241,0.0
92,70,0.873172,0.0
92,7,0.952159,0.0
92,33,0.34346,0.0
92,20,0.937358,0.0
92,56,0.940195,0.0
92,8,0.446923,0.0
92,83,0.519674,0.0
92,6,0.675769,0.0
92,22,0.76646,0.0
92,25,0.834373,0.0
92,75,0.448955,0.0
92,73,0.405299,0.0
92,80,0.919578,0.0
92,10,0.979968,0.0
92,72,0.39122,0.0
92,86,0.615605,0.0
92,11,0.337635,0.0
92,54,0.689635,0.0
92,16,0.811612,0.0
92,45,0.561166,0.0
92,0,0.490928,0.0
92,85,0.81666,0.0
92,88,0.892332,0.0
92,92,0.503365,0.0
93,97,0.961438,0.0
93,18,0.755107,0.0
93,87,0.492535,0.0
93,99,0.532474,0.0
93,16,0.120515,0.01
93,86,0.757204,0.0
93,29,0.578115,0.0
93,76,1.0,0.0
93,45,0.928801,0.0
93,54,0.780776,0.0
93,88,0.63075,0.0
93,59,0.604455,0.0
93,95,0.187051,0.0
93,84,0.68635,0.0
93,10,0.566014,0.0
93,62,0.705424,0.0
93,48,0.889669,0.0
93,9,0.901995,0.0
93,66,0.645101,0.0
93,92,0.804091,0.0
93,71,0.31372,0.0
93,74,0.743182,0.0
93,70,0.662534,0.0
93,63,0.619529,0.0
93,77,0.497762,0.0
93,58,0.669241,0.0
93,94,0.537813,0.0
93,90,0.885912,0.0
93,60,0.613267,0.0
93,56,0.432929,0.0
93,47,0.661622,0.0
93,8,0.871053,0.0
93,27,0.566312,0.0
93,64,0.325337,0.0
93,61,0.421673,0.0
93,89,0.385782,0.0
93,82,0.877341,0.0
93,68,0.876669,0.0
93,50,0.768716,0.0
93,13,0.290276,0.0
93,38,0.90719,0.0
93,34,0.60634,0.0
93,5,0.691775,0.0
93,78,0.627111,0.0
93,36,0.573952,0.0
93,14,0.720058,0.0
93,39,0.813574,0.0
93,93,0.482318,0.0
93,41,0.561428,0.0
93,40,0.842654,0.0
93,85,0.397846,0.0
93,2,0.540862,0.0
93,17,0.533788,0.0
93,32,0.611681,0.0
93,30,0.137667,0.01
93,72,0.583226,0.0
93,83,0.510356,0.0
93,69,0.46983,0.0
93,23,0.688742,0.0
93,7,0.615669,0.0
93,37,0.523668,0.0
93,96,0.421937,0.0
93,20,0.371602,0.0
93,21,0.775608,0.0
93,46,0.882461,0.0
93,26,0.319144,0.0
93,35,0.921513,0.0
93,57,0.452287,0.0
93,52,0.417158,0.0
93,75,0.832658,0.0
93,51,0.57184,0.0
93,65,0.570596,0.0
93,73,0.583542,0.0
93,3,0.616845,0.0
93,42,0.608438,0.0
93,25,0.521917,0.0
93,55,0.304315,0.0
93,0,0.562855,0.0
93,15,0.74527,0.0
93,98,0.163521,0.0
94,13,0.520534,4.91
94,59,0.520428,4.91
94,52,0.576328,4.44
94,34,0.468299,5.46
94,90,0.563057,4.54
94,3,0.76276,3.35
94,85,0.78455,3.26
94,35,0.937752,2.73
94,5,0.383222,6.67
94,92,0.694728,3.68
94,49,0.931004,2.75
94,43,0.590807,4.33
94,84,0.228807,11.18
94,46,0.877488,2.91
94,12,0.891573,2.87
94,10,0.466846,5.48
94,20,0.734261,3.48
94,70,0.80422,3.18
94,48,0.778758,3.28
94,29,0.911954,2.8
94,64,0.921007,2.78
94,87,0.747257,3.42
94,15,0.608708,4.2
94,2,1.0,2.56
94,44,0.645055,3.96
94,0,0.41087,6.22
94,17,0.612345,4.18
94,16,0.731271,3.5
94,68,0.654783,3.91
94,83,0.716094,3.57
94,4,0.953498,2.68
94,61,0.604022,4.23
94,37,0.635037,4.03
94,88,0.718094,3.56
94,45,0.730098,3.5
94,21,0.604898,4.23
94,73,0.646172,3.96
94,28,0.79681,3.21
94,89,0.495828,5.16
94,98,0.913603,2.8
94,57,0.283179,9.03
94,26,0.791945,3.23
94,31,0.566577,4.51
94,30,0.90037,2.84
94,50,0.889801,2.87
94,63,0.703496,3.63
94,11,0.433393,5.9
94,99,0.793246,3.22
94,39,0.698574,3.66
94,97,0.537857,4.75
94,82,0.887525,2.88
94,75,0.593619,4.31
94,72,0.397175,6.44
94,55,0.581983,4.39
94,14,0.543382,4.71
94,40,0.649626,3.94
94,80,0.788087,3.24
94,93,0.296473,8.62
94,8,0.632273,4.04
94,62,0.814379,3.14
94,33,0.912553,2.8
94,86,0.909044,2.81
94,58,0.733871,3.48
94,53,0.967187,2.64
94,91,0.854742,2.99
94,22,0.795124,3.22
94,7,0.392554,6.51
94,76,0.482346,5.3
94,74,0.566246,4.52
95,67,0.339239,1245.34
95,20,0.670521,630.06
95,15,0.815259,518.2
95,40,0.993504,425.23
95,72,0.870017,485.59
95,3,0.222128,1901.92
95,1,0.973213,434.1
95,59,0.228009,1852.86
95,89,0.879555,480.32
95,97,0.539449,783.15
95,27,0.754881,559.65
95,17,0.30963,1364.43
95,84,0.80247,526.46
95,0,0.510616,827.37
95,37,0.777449,543.41
95,34,0.878004,481.17
95,65,0.965504,437.56
95,33,0.92087,458.77
95,44,0.484629,871.74
95,53,0.414555,1019.09
95,58,0.361952,1167.2
95,61,0.511576,825.82
95,9,0.363861,1161.08
95,46,0.970518,435.3
95,87,0.719339,587.3
95,14,0.262755,1607.85
95,92,0.957799,441.08
95,48,0.70005,603.48
95,49,0.555036,761.16
95,86,0.67854,622.62
95,85,0.533306,792.17
95,96,0.428034,987.0
95,80,0.705037,599.22
95,29,0.475174,889.08
95,10,0.438698,963.01
95,12,0.545552,774.39
95,51,0.313318,1348.37
95,43,0.708434,596.34
95,52,1.0,422.47
95,47,0.107059,3946.15
95,19,0.557516,757.77
95,23,0.926835,455.82
95,28,0.63693,663.29
95,41,0.555684,760.27
95,25,0.737775,572.63
95,31,0.725089,582.64
95,50,0.777618,543.29
95,78,0.870471,485.33
95,42,0.240589,1755.98
95,57,0.430051,982.37
95,95,0.542232,779.13
95,55,0.421184,1003.05
95,79,0.449322,940.24
95,30,0.979741,431.21
95,91,0.663771,636.47
95,24,0.489758,862.61
95,71,0.830518,508.68
95,16,0.334825,1261.76
95,76,0.856759,493.1
95,62,0.657651,642.39
95,2,0.307077,1375.78
95,35,0.83617,505.24
95,22,0.897643,470.64
95,8,0.664943,635.35
95,70,0.338208,1249.14
95,32,0.904425,467.11
95,21,0.41604,1015.45
95,36,0.571763,738.89
95,45,0.592446,713.09
95,77,0.953548,443.05
95,83,0.914114,462.16
95,99,0.620851,680.47
95,66,0.733931,575.63
95,5,0.384695,1098.19
95,39,0.616303,685.49
95,90,0.756278,558.62
95,11,0.801656,527.0
95,93,0.660347,639.77
95,56,0.9303,454.12
95,18,0.964676,437.94
95,73,0.720376,586.46
95,88,0.766326,551.29
95,63,0.571159,739.67
95,81,0.7628,553.84
95,4,0.382503,1104.49
95,82,0.412029,1025.34
95,75,0.266424,1585.71
95,13,0.758266,557.15
95,7,0.938193,450.3
95,68,0.681069,620.3
95,60,0.45254,933.55
95,26,0.879164,480.54
95,98,0.83108,508.34
95,64,0.56504,747.68
96,56,0.41254,0.01
96,64,0.838768,0.01
96,19,0.705164,0.01
96,39,0.67521,0.01
96,38,0.85408,0.01
96,51,1.0,0.0
96,55,0.272505,0.02
96,50,0.780114,0.01
96,48,0.690428,0.01
96,77,0.634613,0.01
96,96,0.783403,0.01
96,88,0.63939,0.01
96,71,0.583068,0.01
96,28,0.578674,0.01
96,93,0.776781,0.01
96,0,0.709478,0.01
96,72,0.66797,0.01
96,81,0.471457,0.01
96,89,0.672246,0.01
96,26,0.606795,0.01
96,66,0.747829,0.01
96,52,0.671144,0.01
96,98,0.438844,0.01
96,20,0.460402,0.01
96,45,0.78297,0.01
96,2,0.392879,0.01
97,62,0.754781,0.01
97,81,0.848426,0.01
97,40,0.800852,0.01
97,51,0.935639,0.01
97,73,0.877158,0.01
97,89,0.480564,0.02
97,88,0.282647,0.03
97,1,0.706122,0.01
97,0,0.682018,0.01
97,94,0.614944,0.01
97,91,0.875061,0.01
97,93,0.903531,0.01
97,13,0.483979,0.02
97,83,0.526971,0.02
97,74,0.477161,0.02
97,98,0.554141,0.01
97,10,0.38533,0.02
97,59,0.485063,0.02
97,48,0.706693,0.01
97,43,0.973036,0.01
97,27,0.370409,0.02
97,22,0.631491,0.01
97,37,0.327452,0.03
97,39,0.521803,0.02
97,67,0.748201,0.01
97,30,0.689718,0.01
97,32,0.412275,0.02
97,79,0.389756,0.02
97,65,0.461932,0.02
97,61,0.96172,0.01
97,14,0.932033,0.01
97,47,0.993946,0.01
97,9,0.926297,0.01
97,97,0.519898,0.02
97,36,0.648168,0.01
97,63,0.840601,0.01
97,38,0.36665,0.02
97,72,0.581428,0.01
97,76,0.724403,0.01
97,7,0.617973,0.01
97,60,0.747634,0.01
97,29,0.729358,0.01
97,66,0.74307,0.01
97,3,0.377937,0.02
97,45,0.766891,0.01
97,44,0.91521,0.01
97,35,0.637113,0.01
97,28,0.388929,0.02
97,90,0.857684,0.01
97,8,0.663394,0.01
97,85,0.423273,0.02
97,75,0.861413,0.01
97,34,0.66723,0.01
97,11,0.510942,0.02
97,2,0.49724,0.02
97,16,0.677547,0.01
97,56,0.402181,0.02
97,55,0.391471,0.02
97,70,1.0,0.01
97,15,0.603696,0.01
97,33,0.640839,0.01
97,96,0.770992,0.01
97,68,0.448361,0.02
97,12,0.751005,0.01
97,18,0.962371,0.01
97,82,0.853878,0.01
97,46,0.549657,0.02
97,87,0.527162,0.02
97,86,0.41268,0.02
97,80,0.613237,0.01
97,71,0.805949,0.01
97,21,0.716411,0.01
97,52,0.787065,0.01
97,64,0.235384,0.04
97,26,0.999939,0.01
97,41,0.498998,0.02
97,19,0.516736,0.02
97,78,0.884398,0.01
98,7,0.284658,0.02
98,70,0.559181,0.01
98,50,0.748898,0.01
98,10,0.519927,0.01
98,33,0.47662,0.01
98,89,0.664516,0.01
98,78,0.580864,0.01
98,98,0.550728,0.01
98,37,1.0,0.0
98,18,0.596387,0.01
98,47,0.655726,0.01
98,4,0.703684,0.01
98,59,0.764049,0.01
98,79,0.866977,0.01
98,97,0.632726,0.01
98,48,0.914828,0.01
98,86,0.681607,0.01
98,77,0.622762,0.01
98,81,0.527471,0.01
98,57,0.65518,0.01
98,64,0.382016,0.01
98,95,0.768892,0.01
98,20,0.242116,0.02
98,88,0.457122,0.01
98,99,0.447102,0.01
98,8,0.278192,0.02
98,36,0.500053,0.01
98,96,0.345966,0.01
98,35,0.669264,0.01
98,34,0.843799,0.01
98,17,0.696362,0.01
98,32,0.521344,0.01
98,85,0.567604,0.01
98,1,0.619175,0.01
98,60,0.763475,0.01
98,28,0.425368,0.01
98,62,0.707612,0.01
98,72,0.312746,0.01
98,15,0.481241,0.01
98,45,0.564643,0.01
98,54,0.413357,0.01
98,92,0.455015,0.01
99,11,0.805056,0.0
99,67,0.316648,0.0
99,83,0.620358,0.0
99,38,0.873622,0.0
99,31,0.440918,0.0
99,53,0.459115,0.0
99,97,0.719736,0.0
99,55,0.679514,0.0
99,6,0.348429,0.0
99,85,0.913318,0.0
99,23,0.151066,0.0
99,86,0.778165,0.0
99,2,0.689905,0.0
99,80,0.627476,0.0
99,77,0.567927,0.0
99,25,0.912089,0.0
99,99,0.3844,0.0
99,28,0.578588,0.0
99,60,0.728894,0.0
99,70,0.713371,0.0
99,69,0.904905,0.0
99,91,0.816552,0.0
99,20,0.76517,0.0
99,8,0.964416,0.0
99,4,0.621621,0.0
99,74,0.615662,0.0
99,30,0.909012,0.0
99,94,0.520298,0.0
99,62,0.642377,0.0
99,52,0.343638,0.0
99,63,0.749541,0.0
99,58,0.635683,0.0
99,59,0.436977,0.0
99,68,0.632753,0.0
99,73,0.972298,0.0
99,72,0.615788,0.0
99,43,0.432409,0.0
99,48,0.534221,0.0
99,61,0.481226,0.0
99,29,0.242454,0.0
99,24,0.712463,0.0
99,19,0.721711,0.0
99,22,0.611988,0.0
99,57,0.539428,0.0
99,66,0.252749,0.0
99,21,0.306756,0.0
99,39,0.917003,0.0
99,3,0.645761,0.0
99,13,0.887328,0.0
99,16,0.763092,0.0
99,32,0.433129,0.0
99,7,0.693969,0.0
99,64,1.0,0.0
99,54,0.490998,0.0
99,44,0.510793,0.0
99,50,0.696981,0.0
100,1,0.27123,822.49
100,31,0.414568,538.11
100,69,0.871451,255.99
100,0,0.464593,480.17
100,87,0.364924,611.32
100,54,0.860703,259.19
100,86,0.375963,593.37
100,90,0.953682,233.92
100,74,0.880492,253.36
100,42,0.879922,253.53
100,64,0.791592,281.82
100,85,1.0,223.08
100,52,0.574208,388.51
100,17,0.82835,269.31
100,84,0.439384,507.72
100,8,0.49342,452.12
100,71,0.525716,424.34
100,92,0.408612,545.96
100,25,0.771852,289.02
100,88,0.456991,488.16
100,13,0.757644,294.44
100,12,0.738127,302.23
100,20,0.645296,345.71
100,89,0.433328,514.82
100,10,0.59926,372.27
100,59,0.774738,287.95
100,62,0.951927,234.35
100,3,0.885298,251.99
100,26,0.763428,292.21
100,50,0.876074,254.64
100,94,0.844165,264.27
100,49,0.363435,613.82
100,70,0.722644,308.71
100,29,0.107955,2066.45
100,67,0.682857,326.69
100,38,0.775446,287.68
100,61,0.42322,527.11
100,11,0.977635,228.19
100,32,0.505256,441.53
101,96,0.381249,0.0
101,45,0.876886,0.0
101,66,0.900175,0.0
101,64,0.502526,0.0
101,54,0.390427,0.0
101,68,0.686785,0.0
101,15,0.643309,0.0
101,7,0.921764,0.0
101,20,0.330759,0.0
101,42,0.825206,0.0
101,27,0.543222,0.0
101,12,0.72419,0.0
101,17,0.50276,0.0
101,75,0.265399,0.0
101,22,0.834947,0.0
101,95,0.431427,0.0
101,53,0.642855,0.0
101,16,0.734328,0.0
101,40,0.527345,0.0
101,34,0.755679,0.0
101,63,0.735919,0.0
101,65,1.0,0.0
101,6,0.507633,0.0
101,4,0.892585,0.0
101,72,0.673108,0.0
101,41,0.202108,0.01
102,77,0.195994,0.0
102,17,0.776834,0.0
102,97,0.469268,0.0
102,4,0.413025,0.0
102,29,0.40833,0.0
102,7,0.699541,0.0
102,19,0.739038,0.0
102,67,0.654145,0.0
102,56,0.14209,0.0
102,40,0.718228,0.0
102,91,0.545173,0.0
102,34,0.792129,0.0
102,96,0.496167,0.0
102,45,0.482903,0.0
102,64,0.606422,0.0
102,79,0.628605,0.0
102,23,0.37323,0.0
102,30,0.623699,0.0
102,1,0.679719,0.0
102,26,0.25075,0.0
102,53,0.885659,0.0
102,81,0.554055,0.0
102,48,0.681785,0.0
102,89,0.351863,0.0
102,62,0.889872,0.0
102,92,0.438534,0.0
102,61,0.634923,0.0
102,14,0.809649,0.0
102,21,0.529851,0.0
102,88,0.247667,0.0
102,60,0.292577,0.0
102,22,0.474335,0.0
102,99,0.536573,0.0
102,41,0.728368,0.0
102,43,0.869581,0.0
102,59,0.55616,0.0
102,8,0.560561,0.0
102,12,0.83744,0.0
102,85,0.520286,0.0
102,25,0.602459,0.0
102,18,0.261885,0.0
102,36,0.694637,0.0
102,84,0.335405,0.0
102,80,0.869128,0.0
102,82,0.407982,0.0
102,16,0.880333,0.0
102,44,0.661989,0.0
102,83,0.682872,0.0
102,6,0.454874,0.0
102,57,0.564681,0.0
102,47,0.554086,0.0
102,93,0.787029,0.0
102,20,0.218216,0.0
102,72,0.667077,0.0
102,28,0.51398,0.0
102,68,0.587335,0.0
102,11,0.331438,0.0
102,50,0.558961,0.0
102,86,0.742961,0.0
102,74,0.603344,0.0
102,90,0.749393,0.0
102,33,1.0,0.0
102,70,0.58768,0.0
102,9,0.632212,0.0
102,49,0.579953,0.0
102,63,0.246387,0.0
102,76,0.214823,0.0
102,3,0.469721,0.0
102,94,0.213437,0.0
102,38,0.290645,0.0
102,54,0.867109,0.0
102,65,0.85033,0.0
102,32,0.495463,0.0
102,24,0.834065,0.0
102,27,0.436164,0.0
102,69,0.810889,0.0
102,10,0.71164,0.0
102,13,0.763401,0.0
102,15,0.652571,0.0
102,31,0.539727,0.0
102,35,0.39453,0.0
102,98,0.704773,0.0
102,66,0.691196,0.0
102,2,0.679478,0.0
102,52,0.544943,0.0
102,39,0.825958,0.0
102,51,0.58334,0.0
102,87,0.786057,0.0
102,73,0.788187,0.0
102,42,0.733676,0.0
103,53,0.852744,0.11
103,71,0.275529,0.34
103,37,0.933156,0.1
103,98,0.147276,0.64
103,6,0.999316,0.09
103,27,0.709709,0.13
103,85,0.476988,0.2
103,12,0.778128,0.12
103,54,0.657024,0.14
103,25,0.473942,0.2
103,51,0.90923,0.1
103,60,0.973003,0.1
103,66,0.974581,0.1
103,8,0.724126,0.13
103,58,0.841841,0.11
103,40,0.286802,0.33
103,19,0.583229,0.16
103,33,0.761422,0.12
103,70,0.374345,0.25
103,86,0.258497,0.37
103,31,0.879533,0.11
103,43,0.320084,0.3
103,79,1.0,0.09
103,62,0.932199,0.1
103,49,0.722955,0.13
103,34,0.798107,0.12
103,20,0.709021,0.13
103,65,0.615932,0.15
103,29,0.464681,0.2
103,28,0.898868,0.11
103,1,0.60192,0.16
103,26,0.756943,0.13
103,45,0.540891,0.18
103,30,0.769688,0.12
103,46,0.8137,0.12
103,17,0.669405,0.14
103,50,0.649638,0.15
103,2,0.46151,0.21
103,82,0.991076,0.1
103,41,0.652587,0.15
103,74,0.634478,0.15
103,22,0.722916,0.13
103,92,0.892685,0.11
103,11,0.613882,0.15
103,38,0.494528,0.19
103,89,0.631219,0.15
103,35,0.733108,0.13
103,96,0.701549,0.14
103,15,0.780275,0.12
103,18,0.427714,0.22
103,67,0.747216,0.13
103,69,0.354268,0.27
103,5,0.498738,0.19
103,47,0.923567,0.1
103,16,0.50449,0.19
103,39,0.581187,0.16
103,55,0.850796,0.11
103,77,0.744905,0.13
103,83,0.789051,0.12
103,52,0.721189,0.13
103,21,0.66168,0.14
103,64,0.663023,0.14
103,42,0.471104,0.2
103,57,0.553945,0.17
103,81,0.81034,0.12
103,84,0.510596,0.19
103,76,0.950707,0.1
103,78,0.913182,0.1
103,61,0.576836,0.16
103,63,0.520463,0.18
103,13,0.453385,0.21
103,14,0.889182,0.11
103,32,0.740912,0.13
103,97,0.343864,0.28
103,88,0.811889,0.12
104,99,0.65746,0.73
104,57,0.633813,0.76
104,5,0.476902,1.01
104,94,0.548603,0.88
104,86,0.7697,0.62
104,65,0.568615,0.84
104,12,0.947518,0.51
104,0,0.806588,0.6
104,13,0.855813,0.56
104,34,0.480782,1.0
104,67,0.772238,0.62
104,88,0.647793,0.74
104,91,0.599599,0.8
104,21,0.492586,0.97
104,74,0.435678,1.1
104,56,0.317146,1.51
104,9,0.648077,0.74
104,78,0.502763,0.96
104,71,0.556658,0.86
104,68,0.798353,0.6
104,90,0.487455,0.99
104,97,0.848138,0.57
104,81,0.493201,0.97
104,76,0.908534,0.53
104,32,0.661844,0.73
104,31,0.776404,0.62
104,98,1.0,0.48
104,38,0.785845,0.61
104,70,0.869858,0.55
104,15,0.845064,0.57
104,17,0.351877,1.36
104,51,0.456552,1.05
104,96,0.717678,0.67
104,14,0.722444,0.66
104,62,0.680531,0.71
104,85,0.266162,1.8
104,1,0.509204,0.94
104,46,0.858122,0.56
104,92,0.341167,1.41
104,33,0.646966,0.74
104,54,0.710524,0.68
104,63,0.459832,1.04
104,20,0.557699,0.86
104,75,0.957875,0.5
104,79,0.546574,0.88
104,80,0.332557,1.44
104,37,0.602784,0.8
104,72,0.446522,1.08
104,61,0.602554,0.8
104,95,0.504421,0.95
104,41,0.866447,0.55
104,84,0.710314,0.68
104,2,0.971343,0.49
105,59,0.754164,16.51
105,42,0.570511,21.82
105,88,0.570386,21.83
105,80,0.807509,15.42
105,97,0.770696,16.15
105,75,0.682111,18.25
105,71,0.301373,41.31
105,31,0.584589,21.29
105,47,0.383295,32.48
105,84,0.816221,15.25
105,64,0.901318,13.81
105,76,0.743885,16.73
105,39,0.291685,42.68
105,57,0.824454,15.1
105,60,0.617003,20.18
105,7,0.806697,15.43
105,49,0.499869,24.9
105,73,0.771236,16.14
105,92,0.851059,14.63
105,94,0.55077,22.6
105,22,0.658402,18.91
105,67,0.811125,15.35
105,43,0.680396,18.3
105,30,0.269464,46.2
105,16,0.787347,15.81
105,6,0.183911,67.69
105,19,0.883833,14.09
105,40,1.0,12.45
105,87,0.504582,24.67
105,52,0.917307,13.57
105,10,0.248055,50.19
105,53,0.838727,14.84
105,85,0.906383,13.73
105,37,0.63794,19.51
105,70,0.292398,42.57
105,56,0.365,34.11
105,86,0.701458,17.75
105,33,0.618386,20.13
105,98,0.575693,21.62
105,50,0.69719,17.86
105,4,0.624056,19.95
105,62,0.907154,13.72
105,48,0.460692,27.02
105,36,0.462623,26.91
105,58,0.487583,25.53
105,78,0.572015,21.76
105,27,0.528206,23.57
105,13,0.619831,20.08
105,45,0.572975,21.73
105,26,0.468345,26.58
105,91,0.861981,14.44
105,5,0.623919,19.95
105,14,0.35656,34.91
105,89,0.874471,14.24
105,20,0.461126,27.0
105,93,0.675053,18.44
106,36,0.396018,0.0
106,9,0.629167,0.0
106,46,0.964348,0.0
106,63,0.3045,0.0
106,61,0.777115,0.0
106,10,0.443522,0.0
106,88,0.55271,0.0
106,17,0.684165,0.0
106,77,0.662368,0.0
106,8,0.824736,0.0
106,67,0.780892,0.0
106,34,0.789252,0.0
106,22,0.878734,0.0
106,80,0.592066,0.0
106,82,0.803312,0.0
106,47,0.400562,0.0
106,90,0.8938,0.0
106,75,0.675656,0.0
106,45,0.654654,0.0
106,52,0.716532,0.0
106,94,0.846031,0.0
106,60,0.865868,0.0
106,55,0.695124,0.0
106,97,0.634854,0.0
106,43,0.423973,0.0
106,71,0.377694,0.0
106,20,0.62981,0.0
106,19,0.594213,0.0
106,28,0.347436,0.0
106,84,0.738615,0.0
106,76,0.564186,0.0
106,16,0.691244,0.0
106,41,0.808942,0.0
106,62,0.285635,0.0
106,3,0.407824,0.0
106,91,0.38388,0.0
106,24,0.105674,0.01
106,0,0.728272,0.0
106,50,0.674038,0.0
106,42,0.4322,0.0
106,98,0.97945,0.0
106,49,0.384303,0.0
106,59,0.836427,0.0
106,35,0.687293,0.0
106,58,0.752704,0.0
106,81,0.881183,0.0
106,11,0.289939,0.0
106,38,0.775569,0.0
106,14,0.600887,0.0
106,15,0.615497,0.0
106,87,0.521568,0.0
106,57,0.936408,0.0
106,93,0.770656,0.0
106,74,0.994272,0.0
106,33,0.728462,0.0
106,39,0.704919,0.0
106,31,0.497339,0.0
106,6,0.79907,0.0
106,23,0.427229,0.0
106,12,0.453292,0.0
106,64,0.436518,0.0
106,86,0.56341,0.0
106,26,0.472722,0.0
106,72,0.644407,0.0
106,85,0.927555,0.0
106,79,0.614561,0.0
106,37,0.653078,0.0
106,99,0.563648,0.0
106,56,0.744751,0.0
106,83,0.402121,0.0
106,13,1.0,0.0
106,30,0.76445,0.0
106,21,0.532986,0.0
106,53,0.685901,0.0
106,70,0.543613,0.0
106,1,0.913268,0.0
106,51,0.431087,0.0
106,27,0.858437,0.0
106,4,0.71984,0.0
106,68,0.3177,0.0
106,7,0.596635,0.0
106,65,0.558565,0.0
106,66,0.458353,0.0
106,18,0.585528,0.0
106,54,0.828151,0.0
106,95,0.646187,0.0
106,25,0.150588,0.01
106,92,0.653917,0.0
107,46,0.55124,264.88
107,41,0.40981,356.29
107,65,0.709532,205.78
107,95,0.654939,222.94
107,12,0.472501,309.02
107,62,0.637272,229.12
107,4,0.433205,337.05
107,67,0.775816,188.2
107,28,0.311891,468.15
107,30,0.309572,471.65
107,44,0.67991,214.75
107,8,0.803078,181.81
107,37,0.688436,212.09
107,82,0.4506,324.04
107,85,0.513184,284.52
107,23,0.834643,174.94
107,33,0.546869,266.99
107,34,0.778432,187.57
107,81,0.520986,280.26
107,78,0.242285,602.64
107,52,0.153769,949.54
107,51,0.360266,405.29
107,31,0.925071,157.84
107,93,0.610565,239.14
107,5,0.501302,291.26
107,76,0.43805,333.32
107,83,0.250878,582.0
107,45,0.954296,153.0
107,27,0.632195,230.96
107,70,0.713385,204.67
107,2,0.79365,183.97
107,86,0.640666,227.9
107,53,0.729178,200.24
107,63,0.456092,320.13
107,21,0.5843,249.89
107,40,0.526588,277.28
107,13,0.485349,300.84
107,19,0.718849,203.12
107,0,0.315239,463.17
107,43,0.386726,377.56
107,36,0.601881,242.59
107,24,0.513862,284.14
107,7,0.913559,159.83
107,47,0.604917,241.37
107,91,0.851694,171.44
107,3,1.0,146.01
107,59,0.74519,195.94
107,87,0.620432,235.34
107,32,0.822882,177.44
107,55,0.789,185.06
107,66,0.515919,283.01
107,74,0.936386,155.93
107,77,0.656512,222.4
107,61,0.625589,233.4
107,79,0.361632,403.75
107,80,0.975348,149.7
107,57,0.502882,290.35
107,25,0.669202,218.19
108,74,0.660406,72.33
108,63,0.724356,65.95
108,83,0.924295,51.68
108,2,0.840747,56.82
108,50,0.768119,62.19
108,17,0.704925,67.76
108,90,0.789076,60.54
108,78,0.47861,99.81
108,67,0.329014,145.19
108,8,0.810651,58.93
108,4,0.765909,62.37
108,72,0.285201,167.49
108,92,0.807504,59.16
108,61,0.554815,86.1
108,82,0.531822,89.82
108,45,0.528689,90.35
108,23,0.444698,107.42
108,54,0.707585,67.51
108,91,0.753122,63.43
108,95,0.769601,62.07
108,53,0.898758,53.15
108,47,0.102056,468.06
108,6,0.854474,55.9
108,68,0.810934,58.91
108,27,0.678173,70.44
108,79,0.723604,66.01
108,70,0.91845,52.01
108,11,0.746737,63.97
108,80,0.864137,55.28
108,20,0.280693,170.18
108,14,0.29671,160.99
108,37,0.610421,78.26
108,5,0.541009,88.3
108,56,0.787802,60.64
108,28,0.711928,67.1
108,60,0.46418,102.91
108,25,0.251147,190.2
108,3,0.604539,79.02
108,33,0.751075,63.6
108,43,0.429065,111.33
108,29,0.834373,57.25
108,81,0.663868,71.96
108,94,0.775876,61.57
108,48,0.693217,68.91
108,12,0.433654,110.15
108,76,0.180633,264.45
108,1,0.90685,52.68
108,55,0.690097,69.22
108,39,0.499809,95.57
108,0,0.602464,79.29
108,38,0.699037,68.33
108,9,0.209244,228.29
108,99,0.941582,50.73
108,62,0.486649,98.16
108,21,0.563738,84.74
108,42,0.855641,55.83
108,98,0.873033,54.72
108,88,0.708425,67.43
108,64,0.323767,147.54
108,96,0.177268,269.47
108,30,0.279177,171.11
108,71,0.650903,73.39
108,44,0.144476,330.63
108,18,0.631048,75.7
108,31,0.866818,55.11
108,36,0.639375,74.71
108,32,0.755793,63.2
108,73,0.26112,182.94
108,65,0.537887,88.81
108,19,0.754706,63.29
108,16,0.448276,106.56
108,22,0.908352,52.59
108,57,0.460781,103.67
108,26,0.596536,80.08
108,59,0.685958,69.64
108,51,0.969866,49.25
108,58,0.211211,226.17
108,40,0.783559,60.96
108,7,0.769452,62.08
108,97,0.750227,63.67
108,69,0.625212,76.4
108,84,0.806275,59.25
108,75,0.768067,62.19
108,46,0.375098,127.35
108,10,0.849127,56.26
108,35,0.758821,62.95
108,24,1.0,47.77
108,66,0.834007,57.28
108,41,0.463977,102.95
108,13,0.450061,106.14
108,15,0.360274,132.59
108,34,0.969363,49.28
108,52,0.322151,148.28
108,77,0.444528,107.46
108,93,0.39031,122.39
108,86,0.844143,56.59
108,49,0.634694,75.26
108,85,0.557881,85.63
109,58,0.899134,0.09
109,74,0.228852,0.36
109,44,0.446705,0.18
109,99,0.973829,0.08
109,19,0.486322,0.17
109,28,0.913771,0.09
109,66,0.527596,0.16
109,92,0.742044,0.11
109,80,0.685895,0.12
109,12,0.489,0.17
109,54,0.402223,0.2
109,87,0.768171,0.11
109,9,0.542386,0.15
109,16,0.104721,0.79
109,98,0.875,0.09
109,95,0.668315,0.12
109,10,0.646932,0.13
109,30,0.743346,0.11
109,41,0.560686,0.15
109,13,0.244262,0.34
109,91,0.139754,0.59
109,88,0.744961,0.11
109,82,0.532355,0.15
109,26,0.483551,0.17
109,6,0.409683,0.2
109,79,0.64055,0.13
109,3,0.308707,0.27
109,60,0.867464,0.09
109,42,0.559122,0.15
109,24,0.75052,0.11
109,47,0.32941,0.25
109,5,0.418422,0.2
109,22,0.522007,0.16
109,33,0.985244,0.08
109,51,0.300783,0.27
109,35,0.775326,0.11
109,36,0.407386,0.2
109,45,0.773872,0.11
109,46,0.478877,0.17
109,56,0.498266,0.17
109,75,0.66152,0.12
109,83,0.442546,0.19
109,85,1.0,0.08
109,8,0.229095,0.36
109,52,0.813332,0.1
109,61,0.361663,0.23
110,4,0.891947,0.29
110,44,0.699017,0.37
110,94,0.633609,0.41
110,80,0.338482,0.76
110,68,0.420522,0.61
110,6,0.895341,0.29
110,49,0.505153,0.51
110,96,1.0,0.26
110,61,0.36301,0.71
110,2,0.816697,0.32
110,73,0.720403,0.36
110,9,0.650909,0.4
110,32,0.818582,0.32
110,34,0.532753,0.48
110,55,0.501776,0.51
110,45,0.895962,0.29
110,39,0.580788,0.44
110,66,0.342958,0.75
110,87,0.20792,1.24
110,0,0.443837,0.58
110,97,0.235201,1.1
110,1,0.395557,0.65
110,5,0.539908,0.48
110,37,0.41164,0.63
110,99,0.54536,0.47
110,90,0.754979,0.34
110,76,0.601714,0.43
110,52,0.694052,0.37
110,81,0.425276,0.61
110,84,0.563921,0.46
110,71,0.665391,0.39
110,59,0.710878,0.36
110,93,0.782022,0.33
110,27,0.703693,0.37
110,89,0.416825,0.62
110,56,0.711011,0.36
110,98,0.812103,0.32
110,10,0.33007,0.78
110,23,0.49266,0.52
110,26,0.726258,0.36
110,78,0.682912,0.38
110,18,0.193411,1.34
110,57,0.499183,0.52
110,35,0.46001,0.56
110,65,0.681178,0.38
110,38,0.415667,0.62
110,88,0.52705,0.49
110,58,0.527474,0.49
110,25,0.513819,0.5
110,82,0.749536,0.34
110,8,0.261405,0.99
110,20,0.141122,1.83
110,28,0.386769,0.67
110,50,0.571545,0.45
110,3,0.889181,0.29
110,77,0.867059,0.3
110,12,0.347194,0.74
110,33,0.289463,0.89
111,87,0.628826,1.62
111,60,0.548074,1.86
111,22,0.448858,2.27
111,43,0.64896,1.57
111,77,0.664841,1.53
111,97,0.582232,1.75
111,44,0.847336,1.2
111,4,0.912851,1.11
111,12,0.980904,1.04
111,49,0.593592,1.71
111,95,0.876753,1.16
111,9,0.432363,2.35
111,93,0.416749,2.44
111,54,0.406826,2.5
111,78,0.80964,1.26
111,98,0.341538,2.98
111,67,1.0,1.02
111,7,0.743188,1.37
111,61,0.445872,2.28
111,79,0.870426,1.17
111,65,0.626718,1.62
111,18,0.689115,1.48
112,34,0.603321,0.08
112,76,0.481718,0.1
112,10,0.38915,0.12
112,21,0.405008,0.11
112,67,0.284585,0.16
112,55,0.936597,0.05
112,56,0.377287,0.12
112,96,0.921939,0.05
112,64,0.379676,0.12
112,62,0.509039,0.09
112,61,0.290685,0.16
112,32,0.75024,0.06
112,63,0.789472,0.06
112,68,0.319409,0.14
112,49,0.220215,0.21
112,78,0.915056,0.05
112,97,0.890328,0.05
112,6,0.735908,0.06
112,37,0.888909,0.05
112,2,0.500466,0.09
112,93,0.819258,0.06
112,48,0.377609,0.12
112,92,0.725783,0.06
112,98,0.530253,0.09
112,84,0.652583,0.07
112,75,0.642076,0.07
112,40,0.364802,0.13
112,23,0.661776,0.07
112,36,0.744636,0.06
112,12,0.389343,0.12
112,73,0.737015,0.06
112,90,0.570953,0.08
112,28,0.340464,0.13
112,9,0.570191,0.08
112,65,0.464487,0.1
112,82,0.800819,0.06
112,18,0.677181,0.07
112,1,0.533993,0.09
112,87,0.980413,0.05
112,86,0.174937,0.26
112,16,0.801646,0.06
112,4,0.538332,0.09
112,45,0.681995,0.07
112,0,0.855552,0.05
112,29,1.0,0.05
112,51,0.284683,0.16
112,91,0.918511,0.05
112,71,0.474549,0.1
112,58,0.768985,0.06
112,8,0.876835,0.05
112,38,0.793784,0.06
112,17,0.801575,0.06
112,15,0.43732,0.11
112,44,0.347046,0.13
112,47,0.67215,0.07
112,94,0.819874,0.06
112,3,0.874058,0.05
112,11,0.188822,0.24
112,27,0.813022,0.06
112,72,0.412648,0.11
112,95,0.317005,0.14
112,33,0.56657,0.08
112,53,0.892345,0.05
112,89,0.840803,0.05
112,25,0.277243,0.17
112,14,0.783432,0.06
112,22,0.748641,0.06
112,20,0.112626,0.41
112,60,0.995033,0.05
112,80,0.750552,0.06
112,52,0.951352,0.05
112,81,0.355811,0.13
112,42,0.843214,0.05
112,39,0.788664,0.06
112,30,0.38881,0.12
112,77,0.814891,0.06
112,35,0.649554,0.07
112,79,0.764615,0.06
112,43,0.84032,0.05
112,83,0.471564,0.1
112,59,0.331493,0.14
112,66,0.623662,0.07
112,41,0.639831,0.07
112,70,0.573972,0.08
112,99,0.809745,0.06
112,13,0.352721,0.13
112,24,0.732081,0.06
112,31,0.840094,0.05
112,57,0.361978,0.13
112,7,0.913299,0.05
112,85,0.395302,0.12
112,46,0.84918,0.05
113,49,0.535137,0.07
113,74,0.388895,0.1
113,36,0.842325,0.05
113,24,0.572221,0.07
113,55,0.92631,0.04
113,38,0.595688,0.06
113,26,0.650255,0.06
113,54,0.493933,0.08
113,44,0.295658,0.13
113,86,0.686867,0.06
113,88,0.812381,0.05
113,96,0.105229,0.36
113,10,0.923352,0.04
113,84,0.477823,0.08
113,39,0.523819,0.07
113,40,0.574256,0.07
113,76,0.733797,0.05
113,35,0.793471,0.05
113,47,1.0,0.04
113,53,0.901796,0.04
113,70,0.273922,0.14
113,15,0.569182,0.07
113,81,0.657649,0.06
113,4,0.823097,0.05
113,69,0.996485,0.04
113,98,0.820648,0.05
113,90,0.716835,0.05
113,13,0.578091,0.07
113,37,0.629648,0.06
113,48,0.884205,0.04
113,29,0.733128,0.05
113,72,0.900373,0.04
113,57,0.812271,0.05
113,61,0.639422,0.06
113,52,0.808245,0.05
113,75,0.812489,0.05
113,30,0.844731,0.05
113,62,0.860696,0.04
113,43,0.827777,0.05
113,79,0.527736,0.07
113,2,0.579438,0.07
113,8,0.657538,0.06
113,12,0.826733,0.05
113,0,0.765371,0.05
113,17,0.79905,0.05
113,9,0.316708,0.12
113,51,0.418063,0.09
113,65,0.737187,0.05
113,68,0.47878,0.08
113,78,0.495348,0.08
113,14,0.677714,0.06
113,91,0.878367,0.04
113,33,0.82005,0.05
113,77,0.71521,0.05
113,73,0.72112,0.05
113,50,0.756234,0.05
113,6,0.559045,0.07
113,42,0.473595,0.08
113,97,0.79969,0.05
113,89,0.89085,0.04
113,56,0.632168,0.06
113,92,0.233911,0.16
113,20,0.31764,0.12
113,1,0.529729,0.07
113,94,0.619955,0.06
113,31,0.659699,0.06
113,41,0.444503,0.09
113,16,0.528718,0.07
113,85,0.903273,0.04
113,34,0.129691,0.29
113,45,0.329586,0.12
113,82,0.679607,0.06
113,7,0.607172,0.06
113,64,0.903726,0.04
113,95,0.658454,0.06
114,77,0.815648,0.09
114,63,0.665013,0.11
114,58,0.929189,0.08
114,90,0.515893,0.15
114,35,0.183767,0.42
114,37,0.677783,0.11
114,82,0.632099,0.12
114,36,0.801528,0.1
114,29,0.874458,0.09
114,91,0.263225,0.29
114,18,0.761365,0.1
114,75,0.488777,0.16
114,39,0.836071,0.09
114,44,0.740501,0.1
114,97,0.673225,0.11
114,67,0.599648,0.13
114,54,0.723636,0.11
114,98,1.0,0.08
114,92,0.654695,0.12
114,6,0.966271,0.08
114,94,0.444117,0.17
114,60,0.784478,0.1
114,85,0.618225,0.12
114,16,0.475688,0.16
114,33,0.846382,0.09
114,50,0.720859,0.11
114,95,0.742986,0.1
114,61,0.485797,0.16
114,19,0.680902,0.11
114,65,0.51508,0.15
114,27,0.55976,0.14
114,79,0.614557,0.12
114,13,0.816863,0.09
114,1,0.47055,0.16
114,52,0.548029,0.14
114,57,0.569467,0.13
114,9,0.707808,0.11
115,65,0.57677,21.01
115,83,0.472454,25.65
115,6,0.685617,17.67
115,98,0.61399,19.73
115,53,0.81857,14.8
115,24,0.84111,14.41
115,12,0.596106,20.33
115,78,0.418668,28.94
115,89,0.708946,17.09
115,0,0.542718,22.33
115,42,0.877625,13.81
115,27,0.44914,26.98
115,63,0.414774,29.21
115,49,0.768707,15.76
115,76,0.803744,15.08
115,26,0.389767,31.09
115,21,0.316664,38.26
115,71,0.854121,14.19
115,59,0.451772,26.82
115,73,0.920835,13.16
115,96,0.546773,22.16
115,87,0.505731,23.96
115,36,0.603098,20.09
115,86,0.510897,23.72
115,23,0.340474,35.59
115,22,0.727982,16.64
115,50,0.901292,13.44
115,99,0.604565,20.04
115,60,0.942611,12.85
115,40,0.53321,22.72
115,94,0.669364,18.1
115,11,0.780214,15.53
115,9,0.542554,22.33
115,44,0.746832,16.22
115,20,0.791579,15.31
115,33,0.753582,16.08
115,84,0.899565,13.47
115,34,0.923227,13.12
115,31,0.806173,15.03
115,8,0.587932,20.61
115,54,0.393768,30.77
115,91,0.701483,17.27
115,1,0.555806,21.8
115,28,0.640638,18.91
115,72,0.820757,14.76
115,56,1.0,12.12
115,38,0.797581,15.19
115,93,0.259311,46.73
115,46,0.542495,22.33
116,87,0.27078,0.04
116,69,0.331076,0.04
116,8,0.689016,0.02
116,42,0.552489,0.02
116,12,0.920853,0.01
116,77,0.994247,0.01
116,28,0.759667,0.02
116,78,0.427381,0.03
116,32,0.296362,0.04
116,19,0.658253,0.02
116,63,0.283249,0.04
116,71,0.845574,0.01
116,72,0.746215,0.02
116,11,0.15201,0.08
116,80,0.732018,0.02
116,9,0.378243,0.03
116,79,0.650741,0.02
116,20,0.915964,0.01
116,55,0.327822,0.04
116,68,0.275278,0.04
116,76,0.576133,0.02
116,6,1.0,0.01
116,2,0.800023,0.01
116,64,0.688472,0.02
116,54,0.538134,0.02
116,92,0.847663,0.01
116,75,0.622992,0.02
116,66,0.607757,0.02
116,84,0.648863,0.02
116,37,0.951899,0.01
116,39,0.573703,0.02
116,10,0.589757,0.02
116,73,0.410899,0.03
116,67,0.621536,0.02
116,49,0.741736,0.02
116,95,0.645149,0.02
116,13,0.805125,0.01
116,30,0.716571,0.02
116,48,0.719795,0.02
116,29,0.955678,0.01
116,43,0.816115,0.01
116,88,0.613808,0.02
116,53,0.392764,0.03
116,38,0.539093,0.02
116,17,0.913913,0.01
116,85,0.920837,0.01
116,0,0.82266,0.01
116,26,0.525589,0.02
116,62,0.398043,0.03
116,3,0.875244,0.01
116,35,0.273781,0.04
116,1,0.358706,0.03
116,21,0.514835,0.02
116,33,0.798908,0.01
116,22,0.873411,0.01
116,65,0.29938,0.04
116,58,0.495715,0.02
116,81,0.708114,0.02
116,57,0.840445,0.01
116,16,0.805231,0.01
116,98,0.847287,0.01
116,51,0.597531,0.02
116,31,0.362467,0.03
116,82,0.641641,0.02
117,10,0.301624,0.01
117,68,0.946014,0.0
117,40,0.446867,0.01
117,78,0.740453,0.0
117,21,0.974664,0.0
117,3,0.450981,0.01
117,53,0.29734,0.01
117,27,0.18703,0.02
117,94,0.771141,0.0
117,33,0.611103,0.01
117,14,0.767669,0.0
117,48,0.774117,0.0
117,44,0.834879,0.0
117,16,0.420421,0.01
117,58,0.792265,0.0
117,95,1.0,0.0
117,50,0.848395,0.0
117,11,0.567942,0.01
117,70,0.523987,0.01
117,72,0.825282,0.0
117,13,0.769581,0.0
117,1,0.344658,0.01
117,73,0.86854,0.0
117,87,0.289938,0.01
117,28,0.562441,0.01
117,12,0.46247,0.01
117,5,0.692531,0.0
117,2,0.188421,0.02
117,8,0.534543,0.01
117,85,0.493325,0.01
117,23,0.599822,0.01
118,48,0.667284,0.13
118,96,0.566188,0.16
118,37,0.413725,0.21
118,11,0.642942,0.14
118,32,0.773341,0.11
118,97,0.348554,0.25
118,18,0.664235,0.13
118,92,0.472887,0.19
118,90,0.825653,0.11
118,60,0.833708,0.11
118,14,0.247854,0.35
118,87,0.302324,0.29
118,74,0.352506,0.25
118,56,0.685275,0.13
118,94,0.770483,0.11
118,43,0.68028,0.13
118,27,0.791795,0.11
118,8,0.713051,0.12
118,85,0.436628,0.2
118,46,0.606799,0.14
118,88,0.388769,0.23
118,47,0.657478,0.13
118,45,0.481869,0.18
118,1,0.726529,0.12
118,71,0.926142,0.09
118,6,0.874719,0.1
118,79,0.625768,0.14
118,93,0.787255,0.11
118,2,0.691074,0.13
118,54,0.738648,0.12
118,44,0.474707,0.19
118,39,0.738362,0.12
118,91,0.801279,0.11
118,25,0.519448,0.17
118,40,0.73066,0.12
118,70,0.545558,0.16
118,95,0.953249,0.09
118,82,0.611691,0.14
118,51,0.38731,0.23
118,28,0.760566,0.12
118,69,0.459508,0.19
118,62,0.635514,0.14
118,81,0.777859,0.11
118,16,0.247991,0.35
118,13,0.816831,0.11
118,26,0.830349,0.11
118,65,0.674456,0.13
118,5,0.454913,0.19
118,75,0.178261,0.49
118,50,0.743079,0.12
118,68,0.626978,0.14
118,76,0.324431,0.27
118,36,0.632578,0.14
118,33,0.532598,0.17
118,10,0.669119,0.13
118,86,0.607792,0.14
118,20,0.66272,0.13
118,3,0.618613,0.14
118,41,1.0,0.09
118,80,0.707169,0.12
118,7,0.716251,0.12
118,59,0.860143,0.1
118,83,0.326115,0.27
118,19,0.526261,0.17
118,67,0.705115,0.12
118,61,0.519944,0.17
118,9,0.203058,0.43
118,12,0.264025,0.33
118,64,0.483898,0.18
118,0,0.497987,0.18
118,89,0.709365,0.12
118,53,0.613769,0.14
118,42,0.593151,0.15
118,15,0.655795,0.13
118,99,0.793413,0.11
118,55,0.479983,0.18
118,30,0.387105,0.23
118,52,0.460691,0.19
118,22,0.533349,0.16
118,98,0.298156,0.29
118,21,0.69763,0.13
118,77,0.271342,0.32
119,32,0.701487,1.95
119,37,0.993652,1.38
119,56,0.530383,2.58
119,13,0.724845,1.89
119,20,0.886267,1.55
119,4,0.806295,1.7
119,71,0.983266,1.39
119,25,0.53447,2.56
119,96,0.599168,2.29
119,53,0.702179,1.95
119,16,0.679739,2.02
119,36,0.950341,1.44
119,70,0.997341,1.37
119,57,1.0,1.37
119,39,0.556619,2.46
119,64,0.942553,1.45
119,42,0.698645,1.96
119,51,0.338318,4.05
119,23,0.409017,3.35
119,27,0.240946,5.68
120,67,0.933935,27.95
120,52,0.411226,63.47
120,99,0.632722,41.25
120,13,0.553063,47.19
120,78,0.531951,49.07
120,75,0.411574,63.42
120,59,1.0,26.1
120,0,0.298711,87.38
120,63,0.953403,27.38
120,92,0.461784,56.52
120,95,0.755676,34.54
120,64,0.811934,32.15
120,26,0.724324,36.03
120,79,0.995286,26.22
120,86,0.578091,45.15
120,10,0.753637,34.63
120,30,0.731707,35.67
120,16,0.566707,46.06
120,38,0.595992,43.79
120,4,0.589754,44.26
120,21,0.65439,39.89
121,15,0.619711,0.1
121,72,0.533518,0.12
121,30,0.672709,0.1
121,57,0.84881,0.08
121,78,0.578985,0.11
121,7,0.402888,0.16
121,21,0.54837,0.12
121,20,0.810894,0.08
121,83,0.52837,0.12
121,77,0.215653,0.3
121,26,0.81921,0.08
121,2,0.677959,0.1
121,76,0.762151,0.09
121,82,0.448593,0.14
121,37,0.620953,0.1
121,85,0.997838,0.07
121,27,0.486971,0.13
121,8,0.580072,0.11
121,92,0.470132,0.14
121,10,0.284715,0.23
121,25,0.397578,0.16
121,35,0.427652,0.15
121,41,0.375927,0.17
121,42,0.766322,0.08
121,56,0.44518,0.15
121,3,0.519542,0.13
121,5,0.729646,0.09
121,60,0.769058,0.08
121,23,0.671899,0.1
121,43,0.45426,0.14
121,51,0.393354,0.17
121,49,0.542032,0.12
121,62,1.0,0.06
121,16,0.906744,0.07
121,31,0.619402,0.1
121,94,0.849811,0.08
121,48,0.414838,0.16
121,90,0.338218,0.19
121,13,0.162048,0.4
121,98,0.843733,0.08
121,89,0.534488,0.12
121,22,0.238182,0.27
121,28,0.979706,0.07
121,55,0.305138,0.21
121,33,0.691088,0.09
121,12,0.36731,0.18
121,96,0.813854,0.08
121,44,0.775901,0.08
121,4,0.684954,0.09
121,67,0.903318,0.07
121,70,0.66391,0.1
121,71,0.628143,0.1
121,6,0.689198,0.09
121,74,0.711661,0.09
121,18,0.423554,0.15
121,47,0.880168,0.07
121,99,0.843531,0.08
121,79,0.865337,0.08
121,65,0.845147,0.08
121,29,0.705548,0.09
121,97,0.80928,0.08
121,24,0.58496,0.11
121,50,0.751224,0.09
121,63,0.578572,0.11
121,54,0.625261,0.1
121,86,0.331233,0.2
121,34,0.985419,0.07
121,17,0.521195,0.12
121,38,0.584919,0.11
122,4,0.762565,0.0
122,30,0.446754,0.0
122,97,0.43081,0.0
122,34,0.672785,0.0
122,81,0.859911,0.0
122,93,0.730028,0.0
122,80,0.550187,0.0
122,26,0.311156,0.0
122,23,0.450446,0.0
122,79,0.870462,0.0
122,20,0.780226,0.0
122,49,0.868562,0.0
122,18,0.851472,0.0
122,3,0.522632,0.0
122,42,0.705815,0.0
122,46,1.0,0.0
122,47,0.449147,0.0
122,44,0.373261,0.0
122,48,0.93827,0.0
122,87,0.537607,0.0
122,64,0.552064,0.0
122,38,0.680796,0.0
122,77,0.890883,0.0
123,17,0.399026,0.76
123,89,0.926396,0.33
123,90,0.364107,0.83
123,3,0.725164,0.42
123,69,0.653352,0.46
123,31,0.770586,0.39
123,13,0.742063,0.41
123,87,0.41696,0.72
123,24,0.55533,0.54
123,1,0.169728,1.78
123,83,0.843184,0.36
123,0,0.386887,0.78
123,9,0.700763,0.43
123,49,0.20908,1.44
123,10,0.930376,0.32
123,81,0.82984,0.36
123,67,0.776671,0.39
123,28,0.834026,0.36
123,22,0.175976,1.71
123,11,0.837208,0.36
123,42,0.769102,0.39
123,20,0.784687,0.38
123,72,0.489052,0.62
123,5,0.409465,0.74
123,7,0.841489,0.36
123,63,0.888803,0.34
123,37,1.0,0.3
123,8,0.273789,1.1
123,86,0.724575,0.42
123,48,0.38858,0.78
123,34,0.968354,0.31
123,26,0.659629,0.46
123,4,0.451221,0.67
123,70,0.546932,0.55
123,96,0.463103,0.65
123,73,0.53934,0.56
123,18,0.487913,0.62
123,35,0.411734,0.73
123,54,0.579744,0.52
123,79,0.460684,0.65
123,15,0.810475,0.37
123,6,0.864014,0.35
123,25,0.585566,0.51
123,94,0.624843,0.48
123,77,0.831163,0.36
123,93,0.664529,0.45
123,55,0.836052,0.36
123,19,0.749479,0.4
123,91,0.238463,1.26
123,47,0.727919,0.41
123,16,0.68879,0.44
123,99,0.900397,0.33
123,30,0.795467,0.38
123,75,0.532829,0.57
123,2,0.608283,0.5
123,51,0.705309,0.43
123,65,0.450144,0.67
123,57,0.725456,0.42
123,43,0.598866,0.5
123,27,0.823759,0.37
123,29,0.754808,0.4
123,59,0.392567,0.77
123,56,0.532434,0.57
123,39,0.551086,0.55
123,33,0.865756,0.35
123,95,0.396213,0.76
124,70,0.709581,0.14
124,38,0.651553,0.16
124,41,0.880911,0.12
124,33,0.482923,0.21
124,82,0.149875,0.68
124,58,0.789381,0.13
124,3,0.629438,0.16
124,91,0.438689,0.23
124,80,0.502398,0.2
124,97,0.497961,0.21
124,0,0.37307,0.27
124,92,0.992815,0.1
124,2,0.101483,1.01
124,45,0.536137,0.19
124,56,0.687874,0.15
124,96,0.876355,0.12
124,42,0.837794,0.12
124,67,0.777998,0.13
124,5,1.0,0.1
124,62,0.208651,0.49
124,53,0.746767,0.14
124,79,0.690682,0.15
124,39,0.192031,0.53
124,68,0.535425,0.19
124,94,0.210677,0.49
124,66,0.794279,0.13
124,98,0.888104,0.12
124,14,0.889845,0.12
124,28,0.532243,0.19
124,69,0.74034,0.14
124,31,0.911613,0.11
124,15,0.626393,0.16
124,22,0.49948,0.21
124,75,0.548391,0.19
124,55,0.591572,0.17
124,81,0.380242,0.27
124,63,0.625,0.16
124,34,0.609331,0.17
124,49,0.77739,0.13
124,76,0.83669,0.12
124,12,0.341375,0.3
124,95,0.759078,0.14
124,73,0.213625,0.48
124,18,0.551417,0.19
124,88,0.862524,0.12
124,11,0.793785,0.13
124,40,0.427803,0.24
124,50,0.87978,0.12
124,8,0.609798,0.17
124,16,0.562659,0.18
124,23,0.428834,0.24
124,51,0.775432,0.13
124,85,0.836548,0.12
124,65,0.362572,0.28
124,46,0.822642,0.12
124,7,0.663011,0.15
124,24,0.47309,0.22
124,89,0.378427,0.27
124,59,0.538372,0.19
124,61,0.587923,0.17
124,60,0.724149,0.14
124,19,0.898244,0.11
124,6,0.683067,0.15
124,99,0.473032,0.22
124,27,0.48973,0.21
124,74,0.101483,1.01
124,57,0.313326,0.33
124,26,0.548559,0.19
124,37,0.38421,0.27
124,25,0.488442,0.21
124,48,0.361512,0.28
124,93,0.414153,0.25
124,71,0.514321,0.2
124,20,0.54858,0.19
124,43,0.651422,0.16
124,47,0.304223,0.34
124,32,0.723986,0.14
124,35,0.620164,0.17
124,1,0.463839,0.22
124,78,0.84018,0.12
124,86,0.429153,0.24
124,9,0.913948,0.11
124,72,0.824082,0.12
124,44,0.233787,0.44
124,87,0.593996,0.17
124,10,0.296087,0.35
124,77,0.911087,0.11
124,30,0.403001,0.25
124,29,0.598818,0.17
124,17,0.626643,0.16
124,84,0.510417,0.2
124,64,0.837627,0.12
124,4,0.433094,0.24
124,13,0.286031,0.36
124,52,0.831131,0.12
124,83,0.572453,0.18
124,54,0.596714,0.17
124,90,0.103618,0.99
124,21,0.647151,0.16
124,36,0.519428,0.2
125,81,0.256709,65.55
125,22,0.474595,35.45
125,75,0.2929,57.45
125,70,0.778516,21.61
125,84,0.374172,44.97
125,63,0.387844,43.38
125,4,0.882515,19.07
125,21,0.505766,33.27
125,42,0.892748,18.85
125,19,0.469337,35.85
125,12,0.256846,65.51
125,46,0.502141,33.51
125,11,0.655672,25.66
125,34,0.141713,118.74
125,99,0.585508,28.74
125,29,0.592033,28.42
125,44,0.4524,37.19
125,89,0.217882,77.23
125,60,0.571598,29.44
125,16,0.537243,31.32
125,25,0.821198,20.49
125,48,0.357304,47.09
125,64,0.37272,45.15
125,88,0.361771,46.51
125,5,0.613281,27.44
125,33,0.798402,21.08
125,39,0.505163,33.31
125,68,0.562241,29.93
125,76,0.566114,29.72
125,92,0.494477,34.03
125,49,0.816556,20.61
125,6,0.616887,27.28
125,18,0.93487,18.0
125,31,0.805766,20.88
125,91,0.564389,29.81
125,36,0.669039,25.15
125,85,0.522777,32.19
125,9,0.660978,25.46
125,56,0.643428,26.15
125,10,0.58802,28.62
125,80,0.567108,29.67
125,2,0.99868,16.85
125,57,0.727218,23.14
125,20,0.937184,17.95
125,71,0.560784,30.01
125,23,0.818298,20.56
125,51,0.863514,19.49
125,52,0.571958,29.42
125,15,0.921931,18.25
125,58,0.701135,24.0
125,78,0.667909,25.19
125,79,0.59731,28.17
125,93,0.909028,18.51
125,7,0.465217,36.17
125,14,1.0,16.83
125,73,0.912877,18.43
125,1,0.855672,19.66
125,0,0.443886,37.91
125,17,0.407007,41.34
125,54,0.339039,49.63
125,74,0.587622,28.64
125,38,0.456494,36.86
125,8,0.517868,32.49
125,30,0.822639,20.45
125,40,0.632595,26.6
125,94,0.209237,80.42
125,82,0.346229,48.6
125,41,0.643326,26.16
125,3,0.904945,18.59
125,59,0.935116,17.99
125,53,0.446443,37.69
126,61,0.908476,0.0
126,9,0.122105,0.0
126,44,0.389181,0.0
126,19,0.861013,0.0
126,91,0.609506,0.0
126,34,0.982305,0.0
126,24,0.521619,0.0
126,15,0.271256,0.0
126,5,0.562976,0.0
126,77,0.46282,0.0
126,8,0.957585,0.0
126,42,0.378915,0.0
126,86,0.301877,0.0
126,52,0.735959,0.0
126,68,0.304945,0.0
126,31,0.573343,0.0
126,83,0.929623,0.0
126,3,0.500944,0.0
126,79,0.42672,0.0
126,46,0.837924,0.0
126,30,0.447397,0.0
126,98,0.764708,0.0
126,23,0.188861,0.0
126,20,0.65197,0.0
126,80,0.617056,0.0
126,76,0.953161,0.0
126,51,1.0,0.0
126,35,0.471498,0.0
126,56,0.501799,0.0
126,36,0.714912,0.0
126,71,0.681474,0.0
126,59,0.802288,0.0
126,7,0.892962,0.0
126,55,0.670281,0.0
126,69,0.436674,0.0
126,48,0.47003,0.0
126,37,0.743703,0.0
126,18,0.460417,0.0
126,10,0.656235,0.0
126,32,0.5177,0.0
126,26,0.215807,0.0
126,40,0.566282,0.0
126,66,0.909001,0.0
126,14,0.737531,0.0
126,2,0.787004,0.0
126,29,0.540901,0.0
127,54,0.699637,0.0
127,14,0.427765,0.0
127,11,0.722954,0.0
127,2,0.463962,0.0
127,70,0.741645,0.0
127,34,0.696188,0.0
127,0,0.627265,0.0
127,86,0.361766,0.0
127,30,0.695175,0.0
127,79,0.651902,0.0
127,3,0.536277,0.0
127,72,0.286416,0.0
127,23,0.619672,0.0
127,84,0.761111,0.0
127,83,0.327309,0.0
127,61,0.475856,0.0
127,50,0.748054,0.0
127,92,0.594054,0.0
127,27,0.502915,0.0
127,52,0.901684,0.0
127,96,0.65075,0.0
127,67,0.529658,0.0
127,53,0.770802,0.0
127,29,0.74874,0.0
127,26,0.737251,0.0
127,81,0.411133,0.0
127,44,0.860638,0.0
127,5,0.638549,0.0
127,85,0.91737,0.0
127,71,0.408556,0.0
127,51,0.6676,0.0
127,63,0.770951,0.0
127,99,0.70455,0.0
127,1,0.424275,0.0
127,43,0.905681,0.0
127,45,1.0,0.0
127,90,0.977704,0.0
127,33,0.477003,0.0
127,41,0.449021,0.0
127,66,0.663033,0.0
127,82,0.827586,0.0
127,68,0.646669,0.0
127,21,0.556114,0.0
127,77,0.388857,0.0
127,89,0.977853,0.0
127,65,0.267957,0.0
127,38,0.668651,0.0
127,55,0.949654,0.0
127,35,0.280188,0.0
127,13,0.875247,0.0
127,58,0.634381,0.0
127,75,0.929857,0.0
127,40,0.780928,0.0
127,39,0.927903,0.0
127,97,0.333991,0.0
127,87,0.650742,0.0
127,80,0.290999,0.0
127,37,0.694348,0.0
127,32,0.662875,0.0
127,49,0.178313,0.0
127,22,0.813564,0.0
127,73,0.129102,0.0
127,74,0.821841,0.0
127,18,0.558436,0.0
127,19,0.600306,0.0
127,4,0.209319,0.0
127,36,0.864038,0.0
127,94,0.552693,0.0
127,8,0.857811,0.0
127,31,0.641415,0.0
127,6,0.674473,0.0
127,95,0.254937,0.0
127,47,0.54772,0.0
127,12,0.767838,0.0
127,60,0.650057,0.0
127,64,0.520417,0.0
127,93,0.727506,0.0
127,46,0.409677,0.0
127,88,0.823924,0.0
127,69,0.760248,0.0
127,62,0.940663,0.0
127,25,0.575333,0.0
127,98,0.86223,0.0
127,48,0.974638,0.0
127,42,0.84741,0.0
127,9,0.916651,0.0
127,20,0.574919,0.0
127,16,0.742899,0.0
127,10,0.268837,0.0
127,91,0.512566,0.0
127,28,0.489677,0.0
127,59,0.623594,0.0
127,78,0.619655,0.0
127,7,0.699521,0.0
127,76,0.435294,0.0
128,15,0.850183,0.04
128,51,0.63458,0.05
128,20,0.239827,0.14
128,8,0.281008,0.12
128,94,0.73331,0.05
128,62,0.770096,0.04
128,27,0.857942,0.04
128,48,0.548479,0.06
128,60,0.297506,0.11
128,10,0.342423,0.1
128,30,0.864493,0.04
128,67,0.538525,0.06
128,63,0.405144,0.08
128,25,0.856289,0.04
128,96,0.58943,0.06
128,37,0.904549,0.04
128,2,0.586993,0.06
128,81,0.6215,0.05
128,93,0.774201,0.04
128,9,0.410896,0.08
128,72,0.765118,0.04
128,99,0.938797,0.04
128,50,0.792984,0.04
128,54,0.959124,0.04
128,53,0.902518,0.04
128,78,0.710234,0.05
128,76,0.397377,0.09
128,21,0.728804,0.05
128,39,0.955271,0.04
128,77,0.910368,0.04
128,69,0.677341,0.05
128,66,0.365555,0.09
128,55,0.443303,0.08
128,61,0.665695,0.05
128,70,0.506498,0.07
128,22,0.538549,0.06
128,80,0.747657,0.05
128,32,0.190963,0.18
128,85,0.844899,0.04
128,11,0.149527,0.23
128,19,0.920323,0.04
128,29,0.38892,0.09
128,36,0.689477,0.05
128,40,0.206722,0.16
128,56,0.962312,0.04
128,91,0.784711,0.04
128,68,0.489566,0.07
128,16,0.422837,0.08
128,31,0.706547,0.05
128,86,0.75407,0.04
128,41,0.220618,0.15
128,35,0.484918,0.07
128,82,0.430442,0.08
128,28,1.0,0.03
128,83,0.57152,0.06
128,43,0.74485,0.05
128,58,0.512552,0.07
128,6,0.90372,0.04
128,65,0.399239,0.08
128,46,0.738548,0.05
128,5,0.511723,0.07
128,17,0.545674,0.06
128,33,0.959724,0.04
128,57,0.838278,0.04
128,64,0.678226,0.05
128,44,0.575254,0.06
128,87,0.31903,0.11
128,79,0.923049,0.04
128,34,0.931367,0.04
128,38,0.102879,0.33
128,73,0.474131,0.07
128,92,0.567478,0.06
129,92,0.882082,1.02
129,74,0.82596,1.09
129,36,0.492897,1.82
129,86,0.587961,1.53
129,41,0.994965,0.9
129,21,1.0,0.9
129,40,0.767653,1.17
129,31,0.862874,1.04
129,89,0.879461,1.02
129,73,0.974043,0.92
129,49,0.996384,0.9
129,18,0.991568,0.91
129,46,0.59393,1.51
129,55,0.344869,2.61
129,10,0.611019,1.47
129,34,0.61848,1.45
129,12,0.710482,1.27
129,19,0.632121,1.42
129,84,0.695504,1.29
129,91,0.700146,1.28
129,97,0.570658,1.58
130,21,0.831274,0.24
130,79,0.880318,0.22
130,54,0.720282,0.27
130,32,0.610143,0.32
130,31,0.8119,0.24
130,80,0.764559,0.26
130,40,0.429581,0.46
130,17,0.851791,0.23
130,92,0.628024,0.31
130,12,0.57239,0.34
130,61,0.902871,0.22
130,25,0.849993,0.23
130,16,0.574411,0.34
130,70,0.812086,0.24
130,39,0.872699,0.22
130,18,0.637365,0.31
130,33,0.478211,0.41
130,67,0.372861,0.53
130,89,0.811667,0.24
130,99,0.785392,0.25
130,72,0.372743,0.53
130,68,0.681844,0.29
130,7,0.570347,0.34
130,20,0.467112,0.42
130,2,0.256825,0.76
130,19,1.0,0.2
130,9,0.30554,0.64
130,58,0.728774,0.27
130,22,0.581897,0.34
130,49,0.54131,0.36
130,93,0.342061,0.57
130,13,0.623894,0.31
130,95,0.368296,0.53
130,83,0.648987,0.3
130,84,0.839692,0.23
130,4,0.602106,0.33
130,85,0.70953,0.28
130,69,0.596618,0.33
130,94,0.572316,0.34
130,53,0.592049,0.33
130,82,0.705636,0.28
130,66,0.738807,0.27
130,48,0.723972,0.27
130,77,0.399818,0.49
130,15,0.71287,0.28
130,6,0.468853,0.42
130,65,0.868595,0.23
130,23,0.497057,0.39
130,57,0.574547,0.34
130,24,0.703544,0.28
130,8,0.842191,0.23
130,46,0.823098,0.24
130,52,0.356375,0.55
130,14,0.766042,0.26
130,3,0.495323,0.4
130,78,0.354273,0.55
130,45,0.432462,0.45
130,86,0.691901,0.28
130,91,0.468113,0.42
130,64,0.644114,0.3
130,51,0.469531,0.42
130,1,0.61881,0.32
130,0,0.689468,0.28
130,56,0.637695,0.31
130,36,0.595223,0.33
130,44,0.659361,0.3
130,62,0.787441,0.25
131,10,0.93697,0.0
131,62,0.587864,0.0
131,50,0.477408,0.0
131,88,0.914253,0.0
131,82,0.334928,0.0
131,60,0.687941,0.0
131,85,0.946679,0.0
131,67,0.403523,0.0
131,57,1.0,0.0
131,27,0.791411,0.0
131,64,0.37869,0.0
131,66,0.443684,0.0
131,7,0.399445,0.0
131,15,0.478528,0.0
131,13,0.164061,0.0
131,8,0.546939,0.0
131,26,0.880346,0.0
131,4,0.284517,0.0
131,44,0.883705,0.0
131,22,0.982873,0.0
131,74,0.595945,0.0
131,19,0.821962,0.0
131,83,0.371247,0.0
131,92,0.361526,0.0
132,6,0.532256,18.87
132,65,0.591207,16.99
132,25,0.600395,16.73
132,93,0.612721,16.4
132,24,0.462263,21.73
132,60,0.919115,10.93
132,98,0.607764,16.53
132,27,0.482699,20.81
132,50,0.227542,44.15
132,81,0.697319,14.41
132,14,0.420074,23.91
132,45,0.354523,28.34
132,90,0.512706,19.59
132,73,0.85311,11.78
132,23,0.617682,16.26
132,49,0.426413,23.56
132,53,0.382705,26.25
132,66,0.620698,16.19
132,51,0.465906,21.56
132,48,0.539154,18.63
132,82,1.0,10.05
132,3,0.474296,21.18
132,69,0.387467,25.93
132,2,0.420841,23.87
132,61,0.337249,29.79
132,47,0.681043,14.75
132,83,0.884688,11.36
132,42,0.812045,12.37
132,30,0.391523,25.66
132,99,0.698382,14.38
132,78,0.652446,15.4
132,70,0.850549,11.81
132,85,0.636869,15.77
132,18,0.919556,10.92
132,62,0.856201,11.73
132,46,0.859044,11.69
132,1,0.74286,13.52
132,39,0.581863,17.27
132,12,0.342697,29.31
132,44,0.971978,10.34
132,26,0.283648,35.42
132,72,0.893138,11.25
132,52,0.831968,12.08
132,63,0.83523,12.03
132,17,0.525387,19.12
132,71,0.768954,13.06
132,0,0.575548,17.45
132,96,0.915259,10.98
132,9,0.744508,13.49
132,35,0.586492,17.13
132,76,0.226646,44.33
132,15,0.415881,24.16
132,89,0.628321,15.99
132,28,0.408983,24.56
132,5,0.85385,11.77
132,16,0.422779,23.76
133,30,0.30767,0.01
133,9,0.883087,0.0
133,22,0.80011,0.0
133,13,0.819962,0.0
133,58,0.818915,0.0
133,67,0.471898,0.0
133,76,0.942375,0.0
133,38,0.656426,0.0
133,0,0.697695,0.0
133,84,0.435659,0.0
133,87,0.34275,0.01
133,49,0.696184,0.0
133,79,0.65474,0.0
133,57,0.903469,0.0
133,17,0.715899,0.0
133,93,0.588766,0.0
133,54,0.438959,0.0
133,86,0.72712,0.0
133,18,0.643014,0.0
133,6,0.886244,0.0
133,34,0.858054,0.0
133,11,0.565641,0.0
133,70,0.39792,0.01
133,55,0.97741,0.0
133,21,0.446482,0.0
133,25,0.493668,0.0
133,8,0.989767,0.0
133,96,0.762106,0.0
133,48,0.507446,0.0
133,56,0.692611,0.0
133,82,0.975492,0.0
133,40,0.695148,0.0
133,88,1.0,0.0
133,33,0.370069,0.01
133,62,0.765534,0.0
133,66,0.626621,0.0
133,1,0.508352,0.0
133,77,0.92797,0.0
133,94,0.635167,0.0
133,65,0.793469,0.0
133,7,0.718035,0.0
133,92,0.348601,0.01
133,52,0.60927,0.0
133,98,0.729499,0.0
133,68,0.327565,0.01
133,23,0.381364,0.01
133,97,0.622778,0.0
133,15,0.711628,0.0
133,59,0.812828,0.0
133,28,0.881571,0.0
133,75,0.928339,0.0
133,20,0.746589,0.0
133,91,0.820375,0.0
133,16,0.617823,0.0
133,74,0.875797,0.0
133,80,0.731481,0.0
133,27,0.557436,0.0
133,51,0.274918,0.01
133,81,0.624901,0.0
133,14,0.693648,0.0
133,89,0.468104,0.0
133,85,0.916659,0.0
133,3,0.356575,0.01
133,90,0.77398,0.0
133,29,0.693783,0.0
133,73,0.374108,0.01
133,24,0.617639,0.0
134,70,0.341613,0.04
134,39,0.561211,0.03
134,62,0.491297,0.03
134,76,0.853461,0.02
134,18,0.591009,0.02
134,0,0.468745,0.03
134,57,0.781299,0.02
134,34,0.541074,0.03
134,7,0.753718,0.02
134,46,0.760052,0.02
134,13,0.460435,0.03
134,88,0.66828,0.02
134,99,0.583962,0.02
134,59,0.390835,0.04
134,1,0.659126,0.02
134,24,0.715474,0.02
134,17,0.522742,0.03
134,21,0.486911,0.03
134,89,0.735881,0.02
134,93,0.976914,0.01
134,58,0.67459,0.02
134,42,0.589859,0.02
134,6,0.365169,0.04
134,83,0.42265,0.03
134,44,0.75194,0.02
134,32,0.783953,0.02
134,67,0.364533,0.04
134,30,0.420261,0.03
134,9,0.468432,0.03
134,3,0.908466,0.02
134,26,0.612334,0.02
134,22,0.697904,0.02
134,94,0.806813,0.02
134,35,0.404066,0.04
134,81,0.969856,0.01
134,77,0.23949,0.06
134,29,0.829986,0.02
134,40,0.700051,0.02
134,31,0.529869,0.03
134,8,0.915685,0.02
134,74,0.971242,0.01
134,48,0.238089,0.06
134,4,0.542136,0.03
134,87,0.331025,0.04
134,71,0.913521,0.02
134,79,0.921566,0.02
134,38,0.58541,0.02
134,63,1.0,0.01
134,11,0.929916,0.02
134,53,0.612869,0.02
134,82,0.762831,0.02
134,28,0.688509,0.02
134,20,0.608251,0.02
134,68,0.650018,0.02
134,91,0.808186,0.02
134,55,0.553789,0.03
134,27,0.963328,0.01
134,65,0.898216,0.02
134,52,0.400421,0.04
135,75,0.564514,0.05
135,90,0.526865,0.05
135,49,0.972054,0.03
135,74,0.697571,0.04
135,14,0.722864,0.04
135,42,0.390004,0.07
135,60,0.96719,0.03
135,26,0.356585,0.08
135,98,0.541995,0.05
135,33,0.768731,0.04
135,76,0.606351,0.05
135,91,0.818196,0.03
135,24,0.613041,0.04
135,71,0.196198,0.14
135,44,0.688515,0.04
135,81,0.779485,0.04
135,54,0.301143,0.09
135,25,0.682455,0.04
135,92,0.525921,0.05
135,61,0.591306,0.05
135,45,0.87907,0.03
135,72,0.794666,0.03
135,65,0.569691,0.05
135,34,0.772742,0.04
135,99,0.648775,0.04
135,10,0.534983,0.05
135,31,0.561907,0.05
135,69,0.571309,0.05
135,93,0.417746,0.07
135,67,0.187344,0.15
135,63,0.759986,0.04
135,0,0.340885,0.08
135,95,0.671847,0.04
135,66,0.72315,0.04
135,11,0.491504,0.06
135,77,0.447433,0.06
135,15,0.787374,0.03
135,46,0.668252,0.04
135,70,0.682916,0.04
135,80,1.0,0.03
135,50,0.52085,0.05
135,30,0.539673,0.05
135,39,0.330699,0.08
135,20,0.718693,0.04
135,94,0.825792,0.03
135,96,0.539076,0.05
135,13,0.637654,0.04
135,12,0.350843,0.08
135,6,0.651567,0.04
135,17,0.562848,0.05
135,78,0.809771,0.03
135,83,0.777431,0.04
135,59,0.318383,0.09
135,5,0.661841,0.04
135,40,0.90113,0.03
135,28,0.27073,0.1
135,68,0.288454,0.1
135,55,0.910372,0.03
135,29,0.989527,0.03
135,51,0.780507,0.04
135,9,0.670875,0.04
135,73,0.434833,0.06
135,32,0.270659,0.1
135,38,0.599807,0.05
135,84,0.80771,0.03
135,97,0.608008,0.05
136,49,0.929112,1.21
136,73,0.892466,1.26
136,74,0.634739,1.77
136,80,0.62637,1.79
136,9,0.605418,1.85
136,45,0.82232,1.36
136,18,0.584231,1.92
136,69,0.420245,2.67
136,26,0.924242,1.21
136,10,0.482094,2.33
136,11,0.575743,1.95
136,72,0.484781,2.31
136,59,0.808689,1.39
136,63,0.751509,1.49
136,64,0.370101,3.03
136,98,1.0,1.12
136,94,0.840452,1.33
136,13,0.759024,1.48
136,54,0.602723,1.86
136,51,0.474653,2.36
136,83,0.852107,1.32
136,7,0.511857,2.19
136,82,0.627458,1.79
136,68,0.509481,2.2
136,6,0.584717,1.92
136,75,0.645877,1.74
136,47,0.809852,1.39
136,35,0.601361,1.87
136,37,0.541322,2.07
136,2,0.799815,1.4
136,93,0.757425,1.48
136,87,0.575176,1.95
136,56,0.815174,1.38
136,99,0.845473,1.33
136,78,0.545964,2.05
136,14,0.107245,10.46
136,16,0.27949,4.01
136,85,0.634949,1.77
136,97,0.461595,2.43
136,24,0.874494,1.28
136,8,0.266459,4.21
136,21,0.414973,2.7
136,53,0.304007,3.69
136,30,0.766122,1.46
136,23,0.939797,1.19
136,5,0.231255,4.85
136,1,0.84051,1.33
136,70,0.657067,1.71
136,57,0.863725,1.3
136,77,0.540909,2.07
136,60,0.239079,4.69
136,91,0.64517,1.74
136,34,0.417783,2.69
136,22,0.815081,1.38
136,67,0.656418,1.71
136,19,0.959054,1.17
136,15,0.38717,2.9
136,71,0.832305,1.35
136,79,0.690588,1.62
136,43,0.773665,1.45
136,88,0.128679,8.72
136,17,0.732903,1.53
136,28,0.96481,1.16
136,81,0.942271,1.19
136,84,0.759158,1.48
136,38,0.977938,1.15
136,55,0.745455,1.5
136,32,0.421622,2.66
136,4,0.686098,1.64
136,27,0.86894,1.29
136,12,0.612562,1.83
136,65,0.64909,1.73
136,41,0.952003,1.18
136,96,0.65764,1.71
136,36,0.783808,1.43
136,3,0.564991,1.99
137,22,0.755676,141.31
137,29,0.579141,184.38
137,14,0.796632,134.05
137,84,0.933173,114.43
137,59,0.387936,275.26
137,80,0.46179,231.24
137,41,0.793793,134.52
137,36,0.830838,128.53
137,64,0.328243,325.32
137,56,0.812543,131.42
137,63,0.279815,381.63
137,15,0.520225,205.27
137,87,0.463838,230.22
137,24,0.349527,305.51
137,19,0.588714,181.39
137,0,0.566427,188.52
137,85,0.480798,222.1
137,2,0.669212,159.57
137,51,0.869083,122.87
137,11,0.783347,136.32
137,26,0.865918,123.32
137,78,0.271453,393.38
137,16,0.590898,180.72
137,1,0.912306,117.05
137,30,0.270011,395.48
137,13,0.32341,330.18
137,67,0.229059,466.19
137,53,0.513517,207.95
137,57,0.547255,195.13
137,54,0.494356,216.01
137,95,0.515125,207.3
137,35,0.90732,117.69
137,39,0.816245,130.82
137,66,0.236824,450.9
137,21,0.887654,120.3
137,99,0.778827,137.11
137,62,0.353191,302.34
137,68,0.508218,210.12
137,96,0.448523,238.08
137,31,0.32172,331.92
137,58,0.485807,219.81
137,12,0.40086,266.39
137,73,0.324106,329.48
137,3,0.76274,140.0
137,82,0.360619,296.11
137,72,0.652532,163.65
137,83,0.876859,121.78
137,71,0.82131,130.02
137,27,1.0,106.78
137,97,0.7025,152.01
137,55,0.832426,128.28
137,44,0.65332,163.45
137,37,0.775304,137.73
137,86,0.445642,239.62
137,79,0.586546,182.06
137,25,0.540483,197.57
137,28,0.553082,193.07
137,81,0.468905,227.73
137,94,0.659994,161.8
137,92,0.908192,117.58
137,46,0.597136,178.83
137,49,0.778247,137.21
137,10,0.322035,331.59
137,42,0.881028,121.2
137,70,0.771649,138.39
137,4,0.49889,214.04
137,38,0.729505,146.38
138,93,0.692431,0.0
138,69,0.471119,0.0
138,40,0.765253,0.0
138,94,0.778809,0.0
138,50,0.813222,0.0
138,66,0.429001,0.01
138,42,0.802205,0.0
138,72,0.745015,0.0
138,35,0.96786,0.0
138,37,0.798621,0.0
138,10,0.917748,0.0
138,53,0.358537,0.01
138,36,0.991912,0.0
138,73,0.566242,0.0
138,30,0.226937,0.01
138,26,0.856585,0.0
138,12,0.344945,0.01
138,89,0.583458,0.0
138,11,0.873708,0.0
138,97,0.873014,0.0
138,48,0.641564,0.0
138,98,0.57417,0.0
138,80,0.666082,0.0
138,39,0.65236,0.0
138,3,0.620738,0.0
138,21,0.624291,0.0
138,49,0.539038,0.0
138,16,1.0,0.0
138,83,0.822708,0.0
138,96,0.401122,0.01
138,5,0.892208,0.0
138,95,0.629173,0.0
138,1,0.904597,0.0
138,31,0.747238,0.0
138,52,0.352506,0.01
138,70,0.708713,0.0
139,84,0.347678,0.0
139,47,0.553198,0.0
139,8,0.613657,0.0
139,11,0.638793,0.0
139,66,0.901157,0.0
139,16,0.273437,0.0
139,41,0.801494,0.0
139,55,0.674805,0.0
139,54,0.64935,0.0
139,80,0.551777,0.0
139,43,0.923863,0.0
139,14,0.634514,0.0
139,49,0.535644,0.0
139,27,0.712994,0.0
139,76,0.110436,0.01
139,88,0.803365,0.0
139,58,0.746183,0.0
139,21,0.550477,0.0
139,60,0.74145,0.0
139,12,0.584898,0.0
139,42,0.938286,0.0
139,32,0.308783,0.0
139,68,0.747472,0.0
139,24,0.529543,0.0
139,52,0.994723,0.0
139,22,0.925625,0.0
139,77,0.630395,0.0
139,96,1.0,0.0
139,85,0.938083,0.0
139,36,0.822344,0.0
139,15,0.68947,0.0
139,29,0.564193,0.0
139,79,0.400253,0.0
139,3,0.581849,0.0
139,71,0.523334,0.0
139,25,0.484148,0.0
139,70,0.853743,0.0
139,64,0.947862,0.0
139,0,0.588969,0.0
139,45,0.871826,0.0
139,30,0.616074,0.0
139,19,0.837339,0.0
139,37,0.296558,0.0
139,26,0.882757,0.0
139,91,0.248516,0.0
139,40,0.834908,0.0
139,78,0.561312,0.0
139,28,0.87594,0.0
139,20,0.381392,0.0
139,75,0.841404,0.0
139,83,0.408228,0.0
139,93,0.33208,0.0
139,98,0.844883,0.0
139,18,0.816726,0.0
139,86,0.721921,0.0
139,44,0.755926,0.0
139,51,0.522465,0.0
139,87,0.916468,0.0
139,94,0.937692,0.0
139,34,0.946174,0.0
139,9,0.690283,0.0
139,7,0.234709,0.0
139,53,0.105776,0.01
139,31,0.681253,0.0
139,13,0.628141,0.0
139,72,0.736303,0.0
139,6,0.792699,0.0
139,97,0.860443,0.0
139,82,0.640763,0.0
139,50,0.518036,0.0
139,10,0.374273,0.0
139,48,0.77832,0.0
139,17,0.417662,0.0
139,69,0.772716,0.0
140,44,0.405047,0.38
140,58,0.624222,0.25
140,47,0.610985,0.25
140,2,0.505088,0.3
140,33,0.709743,0.22
140,9,0.569558,0.27
140,17,0.854596,0.18
140,20,0.719125,0.21
140,53,0.429077,0.36
140,50,0.611638,0.25
140,39,0.647312,0.24
140,30,0.948102,0.16
140,97,0.420761,0.37
140,0,0.662685,0.23
140,73,0.688061,0.22
140,35,0.451222,0.34
140,40,0.886377,0.17
140,87,0.267732,0.58
140,56,0.897438,0.17
140,29,0.575594,0.27
140,12,0.465702,0.33
140,36,0.445434,0.35
140,72,0.450922,0.34
140,19,0.476623,0.32
140,54,0.978184,0.16
140,75,0.868807,0.18
140,22,0.770386,0.2
140,18,0.505564,0.3
140,32,0.369718,0.42
140,62,0.34632,0.44
140,81,1.0,0.15
140,74,0.895347,0.17
140,86,0.690915,0.22
140,25,0.562673,0.27
140,76,0.939966,0.16
140,64,0.822314,0.19
140,7,0.563158,0.27
140,88,0.150545,1.02
140,61,0.646664,0.24
140,4,0.752574,0.2
140,3,0.407374,0.38
140,59,0.250156,0.62
141,43,0.877634,1.04
141,0,0.355012,2.57
141,6,0.616257,1.48
141,3,0.136452,6.68
141,51,0.834835,1.09
141,78,0.190903,4.77
141,79,0.585264,1.56
141,87,0.521076,1.75
141,10,0.655413,1.39
141,44,0.620631,1.47
141,46,0.682545,1.34
141,67,0.711247,1.28
141,90,0.688411,1.32
141,72,1.0,0.91
141,28,0.337802,2.7
141,74,0.764298,1.19
141,20,0.324945,2.8
141,18,0.781833,1.17
141,33,0.591133,1.54
141,32,0.415824,2.19
141,40,0.935439,0.97
141,45,0.840374,1.08
141,55,0.768595,1.19
141,99,0.68375,1.33
141,23,0.522355,1.74
141,27,0.747158,1.22
141,75,0.900624,1.01
141,16,0.830119,1.1
141,12,0.343602,2.65
141,38,0.787644,1.16
141,68,0.820855,1.11
141,39,0.575878,1.58
141,35,0.422543,2.16
141,91,0.395286,2.31
141,24,0.554973,1.64
141,47,0.724814,1.26
141,66,0.581244,1.57
141,58,0.47329,1.93
141,85,0.930658,0.98
141,25,0.531018,1.72
141,36,0.616588,1.48
141,70,0.75709,1.2
141,71,0.915942,1.0
141,13,0.272352,3.35
141,96,0.724458,1.26
141,15,0.422254,2.16
141,88,0.486315,1.87
141,5,0.609015,1.5
141,83,0.843688,1.08
141,84,0.602629,1.51
141,37,0.445796,2.04
141,95,0.758952,1.2
141,49,0.503177,1.81
141,2,0.513221,1.78
141,30,0.873167,1.04
141,98,0.832713,1.09
141,22,0.198395,4.59
141,42,0.489563,1.86
141,50,0.283505,3.21
141,62,0.803763,1.13
141,73,0.426025,2.14
141,4,0.973277,0.94
141,92,0.619143,1.47
141,41,0.218473,4.17
141,56,0.829617,1.1
141,26,0.437871,2.08
141,7,0.94801,0.96
141,93,0.924484,0.99
141,8,0.858637,1.06
141,86,0.772999,1.18
141,59,0.909215,1.0
141,54,0.87951,1.04
141,9,0.594315,1.53
141,1,0.881659,1.03
141,76,0.704226,1.29
141,94,0.515612,1.77
141,48,0.609878,1.49
141,77,0.937969,0.97
141,89,0.342437,2.66
141,14,0.880389,1.04
141,97,0.273397,3.33
141,64,0.653957,1.39
141,57,0.672375,1.36
142,92,0.602093,0.0
142,9,0.629027,0.0
142,66,0.707334,0.0
142,6,0.769619,0.0
142,68,0.284082,0.01
142,32,0.471835,0.01
142,30,0.69682,0.0
142,97,0.547342,0.0
142,99,0.321615,0.01
142,8,0.621607,0.0
142,48,0.603536,0.0
142,69,0.276549,0.01
142,39,0.728125,0.0
142,67,0.78995,0.0
142,17,0.82427,0.0
142,59,0.795609,0.0
142,21,0.780849,0.0
142,25,0.720994,0.0
142,2,0.663506,0.0
142,76,0.90843,0.0
142,77,0.872753,0.0
142,4,0.183629,0.01
142,58,0.569832,0.0
142,81,0.680538,0.0
142,87,0.733328,0.0
142,49,0.754362,0.0
142,35,0.407629,0.01
142,94,0.907887,0.0
142,43,0.728892,0.0
142,0,0.767695,0.0
142,93,0.388839,0.01
142,80,0.639574,0.0
142,70,0.626684,0.0
142,89,0.594292,0.0
142,86,0.570258,0.0
142,33,0.588805,0.0
142,45,0.621737,0.0
142,63,0.231747,0.01
142,46,0.880702,0.0
142,7,0.869463,0.0
142,71,0.464689,0.01
142,75,0.855809,0.0
142,79,0.364138,0.01
142,3,0.827129,0.0
142,72,0.830675,0.0
142,5,0.894576,0.0
142,53,0.999382,0.0
142,55,0.816914,0.0
142,88,0.590602,0.0
142,14,0.479683,0.01
142,13,0.525415,0.0
142,56,0.674997,0.0
142,1,0.756025,0.0
142,11,0.650763,0.0
142,31,0.589863,0.0
142,40,0.384835,0.01
142,24,0.92804,0.0
142,15,0.45659,0.01
142,90,0.358472,0.01
142,29,0.461094,0.01
142,61,0.751571,0.0
142,10,0.377322,0.01
142,74,0.881537,0.0
142,62,1.0,0.0
142,50,0.247563,0.01
142,27,0.781541,0.0
142,20,0.830803,0.0
142,91,0.628569,0.0
142,16,0.759771,0.0
142,26,0.769215,0.0
142,96,0.472564,0.01
142,78,0.647397,0.0
142,64,0.89725,0.0
142,12,0.692856,0.0
143,83,0.816616,0.0
143,73,0.735993,0.0
143,92,0.548231,0.0
143,93,0.802691,0.0
143,96,0.520393,0.0
143,79,0.575171,0.0
143,74,0.790772,0.0
143,14,0.642053,0.0
143,40,0.61572,0.0
143,15,1.0,0.0
143,38,0.558605,0.0
143,13,0.336085,0.0
143,37,0.781041,0.0
143,0,0.306389,0.0
143,45,0.494723,0.0
143,7,0.474908,0.0
143,71,0.480754,0.0
143,44,0.998488,0.0
143,1,0.420346,0.0
143,10,0.464742,0.0
143,30,0.524932,0.0
143,34,0.483537,0.0
143,61,0.483758,0.0
143,78,0.175376,0.0
143,20,0.277368,0.0
143,51,0.79812,0.0
144,53,0.203124,1.33
144,90,0.636023,0.42
144,25,0.41843,0.64
144,42,0.725939,0.37
144,10,0.643113,0.42
144,38,0.669467,0.4
144,41,0.663376,0.41
144,21,0.403996,0.67
144,23,0.427679,0.63
144,65,0.741546,0.36
144,81,0.957591,0.28
144,17,0.516085,0.52
144,27,0.771328,0.35
144,88,0.525774,0.51
144,93,0.48222,0.56
144,87,0.770046,0.35
144,39,0.293877,0.92
144,98,0.425885,0.63
144,85,1.0,0.27
144,91,0.336981,0.8
144,76,0.798212,0.34
144,57,0.474167,0.57
144,72,0.944906,0.29
144,84,0.989136,0.27
144,32,0.787981,0.34
144,52,0.960155,0.28
144,45,0.448372,0.6
144,56,0.913067,0.3
144,58,0.613654,0.44
144,40,0.245494,1.1
144,30,0.634679,0.42
144,28,0.455049,0.59
144,44,0.809396,0.33
144,22,0.563682,0.48
144,15,0.661206,0.41
144,63,0.990727,0.27
144,0,0.811908,0.33
144,62,0.652494,0.41
144,43,0.68649,0.39
144,24,0.449918,0.6
144,18,0.931582,0.29
144,64,0.562136,0.48
144,79,0.388665,0.69
144,59,0.524676,0.51
144,5,0.928777,0.29
144,9,0.777708,0.35
144,12,0.627612,0.43
144,67,0.284914,0.95
144,50,0.574792,0.47
144,47,0.585732,0.46
144,89,0.922358,0.29
144,4,0.444785,0.61
144,20,0.842535,0.32
144,86,0.253075,1.07
144,2,0.724863,0.37
144,54,0.756164,0.36
144,19,0.995761,0.27
144,16,0.190518,1.42
144,29,0.57778,0.47
145,6,0.772851,0.02
145,68,0.851636,0.02
145,14,0.852359,0.02
145,17,0.567237,0.03
145,88,0.467095,0.03
145,31,0.493418,0.03
145,43,0.819564,0.02
145,54,0.283785,0.06
145,29,0.643062,0.02
145,10,0.61995,0.03
145,51,0.676551,0.02
145,63,0.426968,0.04
145,48,0.378304,0.04
145,50,0.38475,0.04
145,99,0.558578,0.03
145,18,0.338182,0.05
145,57,0.438059,0.04
145,12,0.237014,0.07
145,86,0.523052,0.03
145,71,0.339449,0.05
145,74,0.552335,0.03
145,23,0.7121,0.02
145,59,0.621945,0.03
145,67,0.539486,0.03
145,80,0.822356,0.02
145,75,0.684692,0.02
145,35,0.544599,0.03
145,77,0.889497,0.02
145,65,0.148249,0.11
145,58,0.820537,0.02
145,11,0.366045,0.04
145,9,0.776238,0.02
145,25,0.225013,0.07
145,91,0.269534,0.06
145,39,0.90588,0.02
145,95,0.192171,0.08
145,56,0.453385,0.04
145,47,0.685865,0.02
145,2,0.740508,0.02
145,22,0.999174,0.02
145,5,0.426138,0.04
145,0,0.913976,0.02
145,41,0.725768,0.02
145,52,1.0,0.02
145,87,0.479791,0.03
145,62,0.585784,0.03
145,45,0.801353,0.02
145,16,0.283551,0.06
145,30,0.761405,0.02
145,97,0.888299,0.02
145,70,0.720612,0.02
145,40,0.646445,0.02
145,73,0.576587,0.03
145,1,0.5176,0.03
146,69,0.614029,0.37
146,93,0.76053,0.3
146,11,0.811841,0.28
146,85,0.96064,0.23
146,81,0.533969,0.42
146,33,0.520395,0.43
146,12,0.522981,0.43
146,88,0.576898,0.39
146,17,0.892019,0.25
146,94,0.74154,0.3
146,41,0.72428,0.31
146,20,0.436224,0.52
146,56,0.835267,0.27
146,60,0.66729,0.34
146,4,0.876549,0.26
146,46,0.73989,0.3
146,96,0.308288,0.73
146,68,0.971429,0.23
146,86,0.449736,0.5
146,43,0.862274,0.26
146,80,0.487981,0.46
146,5,0.664155,0.34
146,89,0.6364,0.35
146,55,0.517881,0.43
146,92,0.748352,0.3
146,90,0.482008,0.47
146,37,0.759749,0.3
146,82,0.50671,0.44
146,10,0.659643,0.34
146,99,0.758832,0.3
146,72,0.468187,0.48
146,70,0.337015,0.67
146,49,0.41207,0.55
146,87,0.775236,0.29
146,47,0.704168,0.32
146,3,0.535887,0.42
146,98,0.724518,0.31
146,14,0.525103,0.43
146,66,1.0,0.23
146,36,0.33691,0.67
146,7,0.667945,0.34
146,58,0.165518,1.36
146,95,0.866032,0.26
146,63,0.684211,0.33
146,74,0.544439,0.41
146,29,0.771019,0.29
146,64,0.414864,0.54
146,28,0.303745,0.74
146,91,0.664186,0.34
146,45,0.276802,0.81
146,78,0.673229,0.33
146,19,0.645781,0.35
146,71,0.743432,0.3
146,1,0.963957,0.23
146,6,0.882532,0.26
146,15,0.45247,0.5
146,51,0.622315,0.36
146,39,0.753606,0.3
146,34,0.463703,0.49
146,48,0.407023,0.55
146,13,0.402737,0.56
146,35,0.485923,0.46
146,97,0.823479,0.27
146,77,0.701917,0.32
146,83,0.769384,0.29
146,40,0.548536,0.41
146,84,0.538102,0.42
146,18,0.209181,1.08
146,24,0.252883,0.89
146,67,0.426833,0.53
146,9,0.62507,0.36
146,44,0.925392,0.24
146,79,0.843467,0.27
146,42,0.539809,0.42
146,21,0.544865,0.41
146,23,0.634621,0.35
146,50,0.824157,0.27
146,73,0.508442,0.44
146,62,0.604043,0.37
146,30,0.928213,0.24
146,31,0.640522,0.35
146,26,0.870396,0.26
146,75,0.390835,0.58
146,52,0.786502,0.29
146,59,0.739287,0.3
146,53,0.76306,0.29
146,0,0.818958,0.27
146,8,0.850769,0.26
146,65,0.652512,0.34
147,58,0.919768,0.02
147,63,0.605549,0.03
147,79,0.907964,0.02
147,90,0.992638,0.02
147,86,0.368414,0.04
147,93,0.523435,0.03
147,92,0.837189,0.02
147,83,0.882415,0.02
147,82,0.502642,0.03
147,23,0.813428,0.02
147,38,0.460848,0.03
147,32,0.72035,0.02
147,43,0.557063,0.03
147,89,0.60101,0.03
147,60,0.897768,0.02
147,41,0.833303,0.02
147,94,0.292547,0.05
147,77,0.278397,0.06
147,56,0.94086,0.02
147,8,0.635972,0.02
147,13,0.360503,0.04
147,29,0.596217,0.03
147,14,0.835418,0.02
147,47,0.69201,0.02
147,53,0.978647,0.02
147,67,0.297799,0.05
147,62,1.0,0.02
148,16,0.812199,257.37
148,94,0.315317,662.93
148,59,0.806889,259.06
148,7,0.77599,269.37
148,88,0.636997,328.15
148,95,0.746865,279.88
148,86,0.887761,235.46
148,44,0.438713,476.47
148,19,0.841117,248.52
148,35,0.954838,218.92
148,11,0.913928,228.72
148,84,1.0,209.03
148,54,0.725578,288.09
148,77,0.312405,669.11
148,32,0.656023,318.64
148,81,0.707548,295.43
148,40,0.738778,282.94
148,55,0.25899,807.11
148,38,0.764922,273.27
148,48,0.889617,234.97
148,68,0.799216,261.55
148,53,0.985542,212.1
148,80,0.593269,352.34
148,97,0.672154,310.99
148,50,0.597517,349.83
148,85,0.443332,471.5
148,52,0.713535,292.95
148,15,0.66026,316.59
148,90,0.71065,294.14
148,21,0.733001,285.17
148,64,0.804391,259.86
148,39,0.177556,1177.27
148,1,0.512096,408.19
148,2,0.589753,354.44
148,0,0.675726,309.34
148,67,0.926129,225.71
148,14,0.999925,209.05
148,13,0.427867,488.54
148,93,0.449612,464.92
148,60,0.72434,288.58
148,28,0.811785,257.5
148,99,0.613359,340.8
148,12,0.556629,375.53
148,76,0.668153,312.85
148,74,0.862545,242.34
149,22,0.199,222.24
149,6,0.264451,167.24
149,62,0.581527,76.05
149,28,0.83905,52.71
149,55,0.846835,52.23
149,8,0.816213,54.19
149,63,0.886592,49.88
149,39,0.760067,58.19
149,40,0.44074,100.35
149,58,0.753082,58.73
149,33,0.271671,162.79
149,13,0.730178,60.57
149,60,0.906278,48.8
149,80,0.651523,67.88
149,78,0.420882,105.08
149,94,0.388378,113.88
149,64,0.502265,88.05
149,34,0.131083,337.39
149,81,0.896801,49.32
149,67,0.591077,74.82
149,0,0.549557,80.48
149,2,1.0,44.23
149,7,0.73319,60.32
149,3,0.45766,96.64
149,1,0.443713,99.67
150,31,0.875838,0.0
150,82,0.737699,0.0
150,69,0.629136,0.0
150,47,0.756857,0.0
150,33,0.573785,0.0
150,51,0.479129,0.0
150,0,0.428743,0.0
150,46,0.67148,0.0
150,19,0.410012,0.0
150,10,0.436759,0.0
150,58,0.919697,0.0
150,26,0.761638,0.0
150,17,0.709239,0.0
150,8,0.690937,0.0
150,99,0.740013,0.0
150,27,0.545641,0.0
150,93,0.671591,0.0
150,81,0.39747,0.0
150,42,0.79274,0.0
150,65,0.644836,0.0
150,56,0.366415,0.0
150,71,0.61013,0.0
150,74,0.74152,0.0
150,21,0.66504,0.0
150,80,0.535503,0.0
150,67,0.730361,0.0
150,1,0.757473,0.0
150,76,0.712527,0.0
150,20,0.229915,0.0
150,44,0.860959,0.0
150,98,0.597385,0.0
150,63,0.588642,0.0
150,50,0.603728,0.0
150,84,0.658118,0.0
150,7,0.509444,0.0
150,66,0.246268,0.0
150,68,0.420221,0.0
150,52,0.781811,0.0
150,43,0.71696,0.0
150,2,0.429901,0.0
150,28,0.374624,0.0
150,38,0.505956,0.0
150,92,0.846494,0.0
150,37,0.935903,0.0
150,57,1.0,0.0
150,4,0.503521,0.0
150,53,0.4825,0.0
150,70,0.466013,0.0
150,61,0.488183,0.0
150,89,0.746537,0.0
150,55,0.816737,0.0
150,83,0.619869,0.0
150,88,0.65083,0.0
150,86,0.415753,0.0
150,12,0.968805,0.0
150,94,0.556123,0.0
150,97,0.449736,0.0
150,41,0.711572,0.0
150,5,0.439069,0.0
150,22,0.790333,0.0
150,18,0.999857,0.0
150,14,0.792835,0.0
150,91,0.424608,0.0
150,39,0.454799,0.0
150,62,0.356356,0.0
150,85,0.806341,0.0
150,79,0.533715,0.0
150,29,0.76775,0.0
150,48,0.121433,0.0
150,78,0.976267,0.0
150,87,0.467388,0.0
150,59,0.844623,0.0
150,9,0.644446,0.0
150,32,0.86998,0.0
150,23,0.454337,0.0
150,45,0.519676,0.0
150,15,0.715047,0.0
151,27,0.846141,0.27
151,21,0.707315,0.32
151,55,0.395441,0.58
151,4,0.313196,0.73
151,29,0.545884,0.42
151,22,0.356576,0.64
151,98,0.580113,0.4
151,38,0.448056,0.51
151,6,0.696331,0.33
151,70,0.665938,0.34
151,0,0.971989,0.24
151,83,0.598459,0.38
151,59,0.479006,0.48
151,60,0.630537,0.36
151,82,0.288188,0.8
151,96,0.404935,0.57
151,1,0.408377,0.56
151,95,0.663198,0.35
151,61,0.80377,0.29
151,68,0.828154,0.28
151,13,0.70998,0.32
151,62,0.523409,0.44
151,79,0.977806,0.23
151,44,0.560088,0.41
151,91,0.76547,0.3
151,48,0.415989,0.55
151,69,0.666814,0.34
151,41,0.965287,0.24
151,18,0.574457,0.4
151,37,0.775916,0.3
151,74,0.986286,0.23
151,88,0.975122,0.24
151,64,0.65599,0.35
151,65,0.956217,0.24
151,47,0.626181,0.37
151,20,0.599741,0.38
151,75,0.715007,0.32
151,34,0.534364,0.43
151,67,0.368883,0.62
151,7,1.0,0.23
151,94,0.439121,0.52
151,5,0.513172,0.45
151,49,0.615205,0.37
151,11,0.581669,0.39
151,8,0.823092,0.28
151,72,0.5418,0.42
151,32,0.953645,0.24
151,26,0.703984,0.33
151,24,0.694386,0.33
151,2,0.436829,0.52
151,80,0.635955,0.36
151,36,0.955445,0.24
152,69,0.320609,0.01
152,3,1.0,0.0
152,57,0.882267,0.0
152,64,0.330299,0.01
152,34,0.881592,0.0
152,39,0.994801,0.0
152,16,0.660232,0.0
152,33,0.954249,0.0
152,49,0.48853,0.01
152,59,0.909923,0.0
152,55,0.321479,0.01
152,2,0.877411,0.0
152,7,0.414717,0.01
152,32,0.381114,0.01
152,84,0.782232,0.0
152,17,0.890986,0.0
152,44,0.72404,0.0
152,77,0.550816,0.01
152,56,0.559989,0.01
152,52,0.951746,0.0
152,40,0.37397,0.01
152,63,0.828488,0.0
152,11,0.813739,0.0
152,23,0.474186,0.01
152,43,0.830134,0.0
152,86,0.616803,0.0
152,38,0.904539,0.0
152,83,0.677508,0.0
152,99,0.511835,0.01
152,73,0.738947,0.0
152,81,0.228069,0.01
152,45,0.846651,0.0
153,12,0.325813,2.76
153,22,0.493254,1.82
153,13,0.697118,1.29
153,69,0.41886,2.15
153,96,0.689686,1.3
153,24,0.593831,1.51
153,88,0.929692,0.97
153,94,0.97209,0.92
153,37,0.327123,2.75
153,1,0.758507,1.19
153,83,0.467905,1.92
153,9,0.857523,1.05
153,60,0.675136,1.33
153,73,0.417674,2.15
153,93,0.260146,3.46
153,75,0.720432,1.25
153,38,0.492252,1.83
153,34,0.78549,1.14
153,43,0.665451,1.35
153,80,0.437254,2.06
153,46,0.710485,1.27
153,87,0.599699,1.5
153,55,0.359827,2.5
153,49,0.577013,1.56
153,74,0.605987,1.48
153,48,0.606477,1.48
153,19,0.74182,1.21
153,44,0.546455,1.65
153,25,0.868639,1.04
153,52,0.69985,1.28
153,57,0.80396,1.12
153,97,0.392826,2.29
153,68,0.735753,1.22
153,62,0.809501,1.11
153,15,0.924439,0.97
153,17,0.819556,1.1
153,5,0.683307,1.32
153,14,0.899292,1.0
153,86,0.690131,1.3
153,23,0.68932,1.3
153,72,1.0,0.9
153,30,0.689886,1.3
153,59,0.720424,1.25
153,64,0.655431,1.37
153,7,0.633656,1.42
153,40,0.705358,1.27
153,28,0.848315,1.06
153,21,0.65933,1.36
153,92,0.807488,1.11
153,98,0.315276,2.85
153,39,0.751087,1.2
153,79,0.615897,1.46
153,11,0.645334,1.39
153,67,0.481892,1.87
153,0,0.248587,3.62
153,3,0.553565,1.62
153,8,0.376015,2.39
153,47,0.558341,1.61
153,18,0.683376,1.32
153,42,0.355581,2.53
153,81,0.846565,1.06
153,66,0.321868,2.79
153,53,0.673452,1.34
153,63,0.940349,0.96
153,71,0.768659,1.17
153,51,0.49911,1.8
153,61,0.416616,2.16
154,41,0.939875,39.52
154,45,0.619201,59.99
154,40,0.72347,51.34
154,0,0.97861,37.95
154,19,0.741198,50.11
154,49,0.925583,40.13
154,76,0.775602,47.89
154,36,0.593161,62.62
154,47,0.723852,51.31
154,1,0.956032,38.85
154,98,0.846642,43.87
154,66,0.476319,77.98
154,26,0.66142,56.16
154,50,0.682149,54.45
154,6,0.576893,64.38
154,59,0.794163,46.77
154,20,0.856426,43.37
154,95,0.211626,175.51
154,71,0.904568,41.06
154,64,0.609246,60.97
154,92,0.58671,63.31
154,74,0.933054,39.81
154,73,0.11971,310.27
154,25,0.600783,61.82
154,78,0.655846,56.63
154,82,0.727278,51.07
154,68,0.58828,63.14
154,81,0.884325,42.0
154,52,0.848047,43.8
154,94,0.966246,38.44
154,80,0.561691,66.13
154,67,0.379543,97.86
154,90,0.716071,51.87
154,12,0.427029,86.98
154,3,0.406667,91.34
154,51,0.45427,81.76
154,43,0.684727,54.25
154,60,0.142938,259.85
154,70,0.822757,45.14
154,56,0.207372,179.11
154,62,0.557622,66.61
154,46,0.623372,59.58
154,11,0.537271,69.13
154,33,0.157331,236.08
154,22,0.71181,52.18
154,18,0.458061,81.09
154,75,0.840562,44.19
154,58,0.891501,41.66
154,88,0.93315,39.8
154,2,0.644117,57.67
154,83,0.604358,61.46
154,57,0.542261,68.5
154,42,0.901842,41.19
154,13,0.669305,55.49
154,27,0.940791,39.48
154,85,0.876023,42.4
154,16,0.621612,59.75
154,44,0.849731,43.71
154,89,0.464912,79.89
154,14,0.164505,225.79
154,28,0.703839,52.77
154,77,0.688443,53.95
154,29,0.746955,49.73
154,10,0.85867,43.26
154,31,0.951253,39.05
154,63,0.527429,70.42
154,8,0.837535,44.35
154,38,0.422027,88.01
154,86,1.0,37.14
154,99,0.44618,83.25
154,21,0.790739,46.97
154,39,0.709572,52.35
154,87,0.693552,53.55
154,61,0.306033,121.37
154,48,0.16981,218.73
154,32,0.681712,54.48
154,5,0.52433,70.84
154,30,0.288739,128.64
154,53,0.799587,46.45
154,9,0.849592,43.72
154,96,0.762788,48.69
154,97,0.861819,43.1
154,7,0.923407,40.22
154,54,0.723701,51.32
154,15,0.78109,47.55
154,93,0.703657,52.79
154,84,0.710077,52.31
154,72,0.585501,63.44
154,24,0.454176,81.78
154,37,0.431921,86.0
155,1,0.398862,0.77
155,71,0.471504,0.65
155,27,0.940208,0.33
155,28,0.702918,0.44
155,38,0.846202,0.36
155,15,0.785376,0.39
155,68,0.513982,0.6
155,61,0.968013,0.32
155,99,0.732173,0.42
155,40,0.931741,0.33
155,90,0.584482,0.53
155,87,0.50742,0.61
155,2,0.646813,0.48
155,25,0.491986,0.63
155,78,0.832734,0.37
155,80,0.807626,0.38
155,24,1.0,0.31
155,7,0.917869,0.34
155,29,0.664593,0.46
155,65,0.954625,0.32
156,49,0.478895,0.0
156,29,0.658593,0.0
156,69,0.494732,0.0
156,20,0.779096,0.0
156,53,0.586475,0.0
156,59,0.647621,0.0
156,56,0.555031,0.0
156,46,0.512959,0.0
156,74,0.205422,0.0
156,93,0.756349,0.0
156,16,0.65937,0.0
156,94,0.507445,0.0
156,90,0.247281,0.0
156,88,0.732595,0.0
156,14,0.79095,0.0
156,83,0.287217,0.0
156,73,0.709327,0.0
156,65,0.838305,0.0
156,35,0.883073,0.0
156,52,0.465582,0.0
156,3,0.715091,0.0
156,45,0.483168,0.0
156,24,0.240184,0.0
156,38,0.688443,0.0
156,50,0.598882,0.0
156,42,0.616964,0.0
156,87,0.540303,0.0
156,36,0.895471,0.0
156,7,1.0,0.0
156,48,0.550632,0.0
156,68,0.583837,0.0
156,98,0.536786,0.0
156,33,0.69392,0.0
156,55,0.778819,0.0
156,64,0.830404,0.0
156,62,0.184726,0.0
156,12,0.852868,0.0
156,27,0.450162,0.0
156,44,0.967155,0.0
156,18,0.828339,0.0
156,70,0.80772,0.0
156,25,0.625175,0.0
156,75,0.634683,0.0
156,10,0.827447,0.0
156,39,0.946054,0.0
156,8,0.771166,0.0
156,72,0.392964,0.0
156,5,0.388268,0.0
156,86,0.337803,0.0
156,31,0.725132,0.0
156,30,0.536321,0.0
156,51,0.747625,0.0
156,63,0.516002,0.0
156,77,0.556766,0.0
156,1,0.788334,0.0
156,96,0.587039,0.0
156,15,0.476421,0.0
156,76,0.866295,0.0
156,0,0.654346,0.0
156,34,0.562646,0.0
156,4,0.609546,0.0
156,80,0.739592,0.0
156,41,0.879599,0.0
156,78,0.766376,0.0
156,2,0.636353,0.0
156,99,0.842056,0.0
156,40,0.602478,0.0
156,43,0.545966,0.0
156,71,0.604745,0.0
157,85,0.542295,0.02
157,24,0.827122,0.01
157,39,0.959028,0.01
157,69,0.925234,0.01
157,47,0.483054,0.02
157,53,0.629821,0.01
157,36,0.819806,0.01
157,92,0.417378,0.02
157,29,0.101635,0.09
157,21,0.529386,0.02
157,59,0.731193,0.01
157,46,0.594776,0.02
157,97,0.777131,0.01
157,10,0.498077,0.02
157,9,0.168618,0.05
157,41,0.695078,0.01
157,54,0.913408,0.01
157,88,0.921613,0.01
157,19,0.876254,0.01
157,60,0.746136,0.01
157,58,0.248423,0.04
157,6,0.522529,0.02
157,86,0.345529,0.03
157,44,0.549825,0.02
157,49,0.451593,0.02
157,20,0.548907,0.02
157,75,0.619077,0.01
157,51,0.421889,0.02
157,68,0.506785,0.02
157,77,0.873368,0.01
157,96,1.0,0.01
157,7,0.526093,0.02
157,95,0.584688,0.02
157,16,0.62861,0.01
157,57,0.578543,0.02
157,81,0.804874,0.01
157,3,0.740964,0.01
157,2,0.380486,0.02
157,35,0.99482,0.01
157,74,0.869873,0.01
157,66,0.867532,0.01
157,25,0.698904,0.01
157,15,0.41472,0.02
157,52,0.505387,0.02
157,78,0.585818,0.02
157,27,0.417433,0.02
157,82,0.794126,0.01
157,48,0.485664,0.02
157,73,0.917211,0.01
157,17,0.648683,0.01
157,45,0.128849,0.07
157,26,0.918889,0.01
157,62,0.430863,0.02
157,79,0.580065,0.02
157,43,0.576872,0.02
157,94,0.958336,0.01
157,40,0.864707,0.01
157,64,0.609413,0.01
157,93,0.446329,0.02
157,12,0.422978,0.02
157,70,0.411276,0.02
157,65,0.727912,0.01
157,31,0.851963,0.01
157,90,0.763374,0.01
157,84,0.476529,0.02
157,34,0.554229,0.02
157,13,0.385739,0.02
157,32,0.875338,0.01
157,72,0.254624,0.04
157,23,0.806987,0.01
157,76,0.885553,0.01
157,71,0.650843,0.01
157,28,0.514423,0.02
157,80,0.543196,0.02
157,67,0.943977,0.01
157,8,0.706412,0.01
157,18,0.222367,0.04
157,83,0.869815,0.01
157,56,0.55137,0.02
157,4,0.511838,0.02
157,11,0.652969,0.01
157,99,0.876877,0.01
157,89,0.628543,0.01
157,87,0.607504,0.01
158,93,0.606407,17.01
158,23,1.0,10.31
158,53,0.898159,11.48
158,64,0.275282,37.47
158,27,0.485071,21.26
158,82,0.243945,42.28
158,14,0.484717,21.28
158,45,0.516213,19.98
158,51,0.466621,22.1
158,21,0.661323,15.6
158,94,0.743713,13.87
158,33,0.544694,18.93
158,98,0.592935,17.39
158,7,0.302953,34.04
158,49,0.674875,15.28
158,6,0.531252,19.41
158,47,0.920935,11.2
158,81,0.728402,14.16
158,8,0.470925,21.9
158,12,0.781104,13.2
158,91,0.833602,12.37
158,61,0.775807,13.29
158,97,0.820553,12.57
158,1,0.304029,33.92
158,43,0.62503,16.5
158,34,0.786579,13.11
158,31,0.462033,22.32
158,42,0.726063,14.21
158,19,0.527645,19.55
158,79,0.768834,13.41
159,43,1.0,0.07
159,26,0.838301,0.09
159,88,0.738164,0.1
159,33,0.426313,0.17
159,72,0.721077,0.1
159,58,0.663344,0.11
159,16,0.48878,0.15
159,39,0.970165,0.07
159,66,0.49083,0.15
159,53,0.570457,0.13
159,91,0.737376,0.1
159,79,0.560623,0.13
159,65,0.631011,0.11
159,83,0.906815,0.08
159,86,0.89861,0.08
159,24,0.699793,0.1
159,21,0.342705,0.21
159,20,0.658683,0.11
159,42,0.44526,0.16
159,28,0.529938,0.14
159,99,0.597267,0.12
159,3,0.694653,0.1
159,23,0.630224,0.11
159,77,0.629561,0.11
159,57,0.850982,0.08
159,75,0.810396,0.09
159,96,0.51862,0.14
159,50,0.528494,0.14
159,0,0.32748,0.22
159,84,0.62933,0.11
159,29,0.820362,0.09
159,89,0.589268,0.12
159,32,0.497688,0.14
159,62,0.867732,0.08
159,14,0.700729,0.1
159,80,0.748022,0.1
159,61,0.538961,0.13
159,56,0.596726,0.12
159,71,0.9774,0.07
159,85,0.18805,0.38
159,73,0.545269,0.13
159,68,0.299932,0.24
159,31,0.645605,0.11
159,94,0.69008,0.1
159,97,0.867372,0.08
159,45,0.79466,0.09
159,74,0.324849,0.22
159,46,0.92087,0.08
159,60,0.816482,0.09
159,8,0.567124,0.13
160,22,0.643302,578.23
160,51,0.649773,572.47
160,29,0.598455,621.56
160,12,0.363508,1023.29
160,83,0.828835,448.79
160,42,0.741336,501.76
160,6,0.412727,901.26
160,65,0.588,632.61
160,9,0.689566,539.43
160,1,0.761883,488.23
160,70,0.525621,707.69
160,55,0.58918,631.34
160,88,0.942719,394.58
160,56,0.779108,477.44
160,93,0.33048,1125.56
160,34,0.430418,864.22
160,16,0.374505,993.24
160,74,0.4341,856.89
160,45,0.360396,1032.13
160,57,0.678148,548.52
160,76,0.204253,1821.15
160,2,0.199681,1862.85
160,27,0.998478,372.54
160,41,0.463679,802.23
160,35,0.526289,706.79
160,5,0.744123,499.88
160,49,0.513783,723.99
160,84,0.633472,587.2
160,19,0.872022,426.57
160,67,0.778231,477.98
160,20,0.217852,1707.46
160,28,0.633554,587.12
160,46,0.431201,862.65
160,64,0.906096,410.53
160,75,0.38358,969.75
160,66,0.511427,727.33
160,62,0.845097,440.16
160,25,0.381885,974.05
160,60,0.884835,420.39
160,39,0.749911,496.03
160,94,0.148704,2501.45
160,82,0.984597,377.79
160,72,0.761817,488.27
160,81,0.832241,446.96
160,98,0.975299,381.4
160,26,0.915277,406.41
160,18,0.214122,1737.21
160,48,0.683564,544.17
160,33,0.159836,2327.24
160,44,0.269956,1377.91
160,53,0.698102,532.84
160,4,0.845151,440.13
160,11,0.755175,492.57
160,58,0.760834,488.9
160,91,0.744709,499.49
160,15,0.917292,405.51
160,73,0.167313,2223.23
160,36,0.66248,561.49
160,24,0.563962,659.57
160,78,0.874278,425.47
160,99,0.986962,376.89
160,38,0.481675,772.25
160,13,1.0,371.98
160,31,0.553406,672.16
160,40,0.212628,1749.42
160,63,0.812902,457.59
160,86,0.775686,479.54
160,97,0.649807,572.44
160,87,0.847797,438.76
160,7,0.227578,1634.49
160,10,0.850706,437.25
160,52,0.531051,700.45
160,96,0.975952,381.14
160,8,0.639586,581.59
160,61,0.294144,1264.6
160,85,0.624836,595.32
160,77,0.665723,558.75
160,92,0.335235,1109.6
161,60,0.53125,0.56
161,6,0.707824,0.42
161,65,0.678491,0.44
161,67,0.68813,0.43
161,25,0.63146,0.47
161,21,0.529454,0.56
161,64,0.819392,0.36
161,50,0.795912,0.37
161,4,0.950625,0.31
161,33,0.107209,2.77
161,12,0.611283,0.49
161,48,1.0,0.3
161,89,0.87915,0.34
161,39,0.911545,0.33
161,28,0.25645,1.16
161,43,0.672963,0.44
161,35,0.619376,0.48
161,85,0.859312,0.35
161,38,0.542783,0.55
161,74,0.630851,0.47
161,14,0.789316,0.38
161,93,0.702341,0.42
161,73,0.537484,0.55
161,19,0.526469,0.56
161,86,0.914679,0.32
161,44,0.647299,0.46
161,40,0.823466,0.36
161,57,0.380982,0.78
161,36,0.894706,0.33
161,53,0.61776,0.48
161,37,0.40354,0.74
161,29,0.978317,0.3
161,95,0.775049,0.38
161,68,0.78812,0.38
161,7,0.428729,0.69
161,34,0.416455,0.71
161,2,0.116885,2.54
161,13,0.787212,0.38
161,72,0.59614,0.5
161,56,0.66409,0.45
161,63,0.945567,0.31
161,42,0.828003,0.36
161,58,0.740258,0.4
161,70,0.658288,0.45
161,80,0.987957,0.3
161,94,0.80387,0.37
161,83,0.238329,1.25
161,49,0.354935,0.84
161,5,0.833336,0.36
161,32,0.731252,0.41
161,97,0.495307,0.6
161,23,0.983195,0.3
161,61,0.781177,0.38
161,92,0.819513,0.36
161,22,0.760108,0.39
161,15,0.367475,0.81
161,54,0.442448,0.67
161,0,0.814806,0.36
161,27,0.751053,0.4
161,8,0.490021,0.61
161,81,0.958691,0.31
161,9,0.375687,0.79
161,88,0.56874,0.52
161,78,0.862009,0.34
161,59,0.857997,0.35
161,17,0.879118,0.34
161,91,0.517939,0.57
162,13,0.908735,0.34
162,75,0.722844,0.43
162,0,0.662734,0.46
162,65,0.536696,0.57
162,23,0.907283,0.34
162,57,0.841882,0.37
162,35,0.843286,0.37
162,40,0.960591,0.32
162,84,0.60842,0.51
162,94,1.0,0.31
162,93,0.398402,0.77
162,47,0.579262,0.53
162,52,0.895939,0.34
162,44,0.448717,0.69
162,74,0.870855,0.35
162,83,0.623276,0.49
162,77,0.380808,0.81
162,19,0.769515,0.4
162,88,0.868978,0.35
162,2,0.673416,0.46
162,62,0.810192,0.38
162,54,0.3081,1.0
162,24,0.466629,0.66
162,29,0.796835,0.39
162,60,0.919398,0.34
162,76,0.587313,0.52
162,53,0.897191,0.34
162,36,0.768527,0.4
162,25,0.413752,0.74
162,81,0.821421,0.38
162,85,0.545251,0.57
162,63,0.542243,0.57
162,14,0.841854,0.37
162,95,0.579447,0.53
162,12,0.616677,0.5
162,37,0.440492,0.7
162,50,0.628526,0.49
162,15,0.795926,0.39
162,3,0.824111,0.37
162,31,0.220265,1.4
162,61,0.346425,0.89
162,41,0.460448,0.67
162,55,0.591314,0.52
162,59,0.918133,0.34
162,38,0.839021,0.37
162,21,0.332356,0.93
162,33,0.869947,0.35
162,99,0.507384,0.61
162,51,0.76507,0.4
162,1,0.956007,0.32
162,16,0.843844,0.37
162,10,0.403353,0.76
162,34,0.541446,0.57
163,14,0.552798,3.5
163,64,0.534812,3.61
163,77,0.991861,1.95
163,9,0.971169,1.99
163,89,0.544639,3.55
163,54,0.443289,4.36
163,52,0.144444,13.38
163,69,0.473892,4.08
163,5,0.744973,2.6
163,62,0.562474,3.44
163,29,0.770218,2.51
163,99,0.642463,3.01
163,91,0.483516,4.0
163,3,0.743702,2.6
163,10,0.949564,2.04
163,57,0.894574,2.16
163,72,0.913885,2.12
163,60,0.820613,2.36
163,82,0.739701,2.61
163,51,0.755978,2.56
163,49,0.815178,2.37
163,87,0.789506,2.45
163,6,0.838109,2.31
163,22,0.783049,2.47
163,20,0.419191,4.61
163,1,0.646599,2.99
163,86,0.72599,2.66
163,31,0.816193,2.37
163,55,0.388279,4.98
163,39,0.70172,2.76
163,16,0.448743,4.31
163,27,0.417292,4.63
163,65,0.852316,2.27
163,21,0.959781,2.01
163,17,0.526651,3.67
163,83,0.509391,3.8
163,43,0.651723,2.97
163,75,0.798724,2.42
163,11,0.754319,2.56
163,96,0.832704,2.32
163,74,0.296787,6.51
163,38,0.653714,2.96
163,19,0.859056,2.25
163,97,0.490357,3.94
163,85,0.500663,3.86
163,92,0.504855,3.83
163,66,0.753975,2.56
163,41,0.89089,2.17
163,45,0.373548,5.18
163,25,0.389531,4.96
163,61,0.342781,5.64
163,40,0.464644,4.16
163,48,0.737945,2.62
163,56,0.710649,2.72
163,81,0.403962,4.79
163,59,0.157298,12.29
163,71,0.863654,2.24
163,23,0.698789,2.77
163,94,0.911939,2.12
163,44,0.342542,5.64
163,36,1.0,1.93
163,93,0.52415,3.69
163,46,0.623959,3.1
163,78,0.905518,2.14
163,12,0.857341,2.26
163,50,0.865165,2.23
163,53,0.688984,2.81
163,58,0.312779,6.18
163,76,0.457451,4.23
163,70,0.870539,2.22
163,63,0.557722,3.47
163,98,0.470504,4.11
163,95,0.371723,5.2
163,73,0.494017,3.91
163,88,0.977947,1.98
163,24,0.811782,2.38
163,35,0.292829,6.6
163,68,0.117791,16.41
163,13,0.268837,7.19
163,84,0.404697,4.78
164,29,0.650174,0.03
164,1,0.973777,0.02
164,79,0.912477,0.02
164,81,0.864782,0.02
164,80,0.919131,0.02
164,42,0.634885,0.03
164,12,0.933523,0.02
164,90,0.384002,0.05
164,38,0.642671,0.03
164,96,0.132114,0.13
164,50,0.794177,0.02
164,98,0.961918,0.02
164,57,0.590388,0.03
164,24,0.951037,0.02
164,63,0.99342,0.02
164,22,0.780639,0.02
164,7,0.381301,0.05
164,39,0.708307,0.02
164,5,0.893036,0.02
164,31,0.954515,0.02
164,84,0.29724,0.06
164,91,0.976668,0.02
164,88,0.686988,0.03
164,36,0.491537,0.04
164,78,0.792887,0.02
164,2,0.779136,0.02
164,13,0.880331,0.02
164,20,0.691733,0.03
164,9,0.656369,0.03
164,56,0.581083,0.03
164,43,0.516079,0.03
164,54,0.592136,0.03
164,26,0.461085,0.04
164,82,0.386431,0.04
164,25,0.331634,0.05
164,51,0.935038,0.02
164,8,0.400937,0.04
164,17,0.769485,0.02
164,21,0.134437,0.13
164,23,1.0,0.02
164,52,0.973627,0.02
164,74,0.716401,0.02
164,92,0.571931,0.03
164,10,0.649018,0.03
164,75,0.57679,0.03
164,77,0.544913,0.03
164,16,0.814236,0.02
164,15,0.713917,0.02
164,87,0.893328,0.02
164,70,0.670894,0.03
164,33,0.59855,0.03
164,27,0.957394,0.02
164,34,0.903004,0.02
164,48,0.902303,0.02
164,46,0.572821,0.03
164,99,0.740587,0.02
164,28,0.474831,0.04
164,97,0.353183,0.05
164,86,0.881415,0.02
164,18,0.398612,0.04
164,65,0.746445,0.02
164,32,0.562263,0.03
164,93,0.550695,0.03
164,41,0.44618,0.04
164,59,0.933261,0.02
164,73,0.780489,0.02
164,71,0.407377,0.04
164,58,0.610621,0.03
164,40,0.325571,0.05
164,53,0.761759,0.02
164,60,0.256784,0.07
164,3,0.42912,0.04
164,47,0.844319,0.02
164,30,0.760492,0.02
164,11,0.565434,0.03
164,6,0.898852,0.02
164,55,0.421227,0.04
164,95,0.226091,0.08
164,94,0.503184,0.03
164,19,0.90733,0.02
164,0,0.601977,0.03
164,67,0.707539,0.02
165,16,0.559197,4.96
165,80,0.735806,3.77
165,29,0.596863,4.65
165,20,0.913572,3.04
165,61,0.476509,5.82
165,51,0.859431,3.23
165,27,0.571769,4.85
165,76,0.744213,3.73
165,11,0.893955,3.1
165,50,0.528703,5.25
165,98,0.215813,12.85
165,79,0.709413,3.91
165,36,0.261587,10.6
165,77,0.684513,4.05
165,63,1.0,2.77
165,26,0.817443,3.39
165,73,0.985639,2.81
165,57,0.43194,6.42
165,90,0.211599,13.11
165,66,0.115568,24.0
165,59,0.752458,3.69
165,49,0.931085,2.98
166,26,1.0,23.84
166,36,0.816504,29.2
166,18,0.844893,28.22
166,0,0.112695,211.55
166,91,0.910674,26.18
166,48,0.841647,28.33
166,93,0.926776,25.72
166,70,0.885597,26.92
166,59,0.68219,34.95
166,22,0.959946,24.84
166,8,0.592694,40.22
166,63,0.69865,34.12
166,3,0.831185,28.68
166,35,0.552741,43.13
166,92,0.708018,33.67
166,54,0.881027,27.06
166,53,0.674741,35.33
166,67,0.452608,52.67
166,60,0.671557,35.5
166,82,0.619717,38.47
167,68,0.623326,0.03
167,27,0.97563,0.02
167,86,0.666266,0.03
167,7,0.779559,0.03
167,77,0.142027,0.14
167,2,0.804019,0.02
167,34,0.783708,0.03
167,43,0.765094,0.03
167,80,0.39774,0.05
167,65,0.989418,0.02
167,11,0.690938,0.03
167,50,0.550053,0.04
167,85,0.970351,0.02
167,60,0.949088,0.02
167,23,0.816503,0.02
167,76,0.788903,0.03
167,10,0.784666,0.03
167,84,0.576549,0.03
167,31,0.311583,0.06
167,1,0.824759,0.02
167,93,0.940708,0.02
167,16,0.714325,0.03
167,4,0.94289,0.02
167,89,0.620596,0.03
167,71,0.651941,0.03
167,46,0.325111,0.06
167,96,0.727084,0.03
167,44,0.809093,0.02
167,20,0.728584,0.03
167,61,0.589875,0.03
167,29,0.840187,0.02
167,14,0.554436,0.04
167,83,0.593513,0.03
167,56,0.786649,0.03
167,88,0.592449,0.03
167,72,0.735968,0.03
167,52,0.565522,0.04
167,81,0.625366,0.03
167,59,0.364989,0.05
167,82,0.44753,0.04
167,97,0.879291,0.02
167,17,0.478856,0.04
167,6,0.835964,0.02
167,67,0.367182,0.05
167,32,0.705617,0.03
167,24,0.804172,0.02
167,21,0.786529,0.03
167,74,0.440989,0.04
167,91,0.629415,0.03
167,64,0.42816,0.05
167,15,0.68128,0.03
167,33,0.552339,0.04
167,19,0.236738,0.08
167,73,0.927303,0.02
167,3,0.948567,0.02
167,57,0.468151,0.04
167,92,0.644491,0.03
167,36,0.33451,0.06
167,22,0.849157,0.02
167,37,0.616166,0.03
167,38,0.489226,0.04
167,70,0.64478,0.03
167,66,0.279844,0.07
167,39,0.302953,0.07
167,78,0.686129,0.03
167,42,0.681103,0.03
167,58,0.668545,0.03
167,35,0.516721,0.04
167,55,0.686682,0.03
167,0,0.769685,0.03
167,41,0.943743,0.02
167,87,0.964652,0.02
167,12,1.0,0.02
167,13,0.805129,0.02
167,94,0.488423,0.04
167,79,0.538606,0.04
167,18,0.570308,0.03
167,75,0.56217,0.04
167,5,0.542102,0.04
167,95,0.312998,0.06
167,69,0.68336,0.03
167,51,0.764995,0.03
167,49,0.69838,0.03
167,98,0.675429,0.03
167,8,0.599638,0.03
167,26,0.439086,0.05
167,48,0.568264,0.03
168,4,0.69799,250.66
168,75,1.0,174.96
168,32,0.434287,402.86
168,58,0.440538,397.14
168,73,0.932592,187.6
168,94,0.759384,230.39
168,90,0.787136,222.27
168,57,0.357478,489.42
168,51,0.438572,398.92
168,65,0.704818,248.23
168,67,0.602766,290.26
168,43,0.705109,248.13
168,34,0.799169,218.92
168,25,0.925552,189.03
168,33,0.742107,235.76
168,82,0.489226,357.62
168,49,0.429197,407.64
168,35,0.719909,243.03
168,41,0.883867,197.94
168,64,0.65564,266.85
168,19,0.903366,193.67
168,78,0.977636,178.96
168,81,0.515636,339.3
168,85,0.888936,196.82
168,91,0.579124,302.1
168,26,0.861792,203.01
168,61,0.420115,416.45
168,74,0.508784,343.87
168,31,0.379245,461.33
168,28,0.213713,818.65
168,1,0.522487,334.85
168,5,0.706118,247.77
168,70,0.823196,212.53
168,0,0.153829,1137.34
168,87,0.884815,197.73
168,96,0.673651,259.71
168,12,0.45184,387.21
168,24,0.957403,182.74
168,42,0.755844,231.47
168,86,0.988496,176.99
168,98,0.957618,182.7
168,56,0.524387,333.64
168,9,0.740792,236.17
168,15,0.685829,255.1
168,18,0.549697,318.28
168,77,0.933179,187.48
168,11,0.593935,294.57
169,13,0.724539,60.54
169,15,0.24415,179.65
169,3,0.904488,48.49
169,34,0.288566,152.0
169,44,0.550821,79.63
169,38,1.0,43.86
169,73,0.791035,55.45
169,66,0.412955,106.21
169,5,0.501335,87.49
169,80,0.415357,105.6
169,90,0.598339,73.31
169,89,0.636489,68.91
169,36,0.537543,81.6
169,49,0.878882,49.91
169,97,0.795356,55.15
169,50,0.557392,78.69
169,46,0.64609,67.89
169,24,0.136248,321.93
169,39,0.972282,45.11
169,74,0.537454,81.61
169,27,0.772091,56.81
169,2,0.852575,51.45
169,54,0.28977,151.37
169,52,0.740873,59.2
169,55,0.506616,86.58
169,25,0.313501,139.91
169,81,0.761588,57.59
169,98,0.72846,60.21
169,53,0.468886,93.54
169,48,0.437601,100.23
169,6,0.788793,55.61
169,47,0.663508,66.11
169,41,0.66893,65.57
169,63,0.374613,117.08
169,57,0.82917,52.9
169,82,0.227577,192.73
169,91,0.35473,123.65
169,16,0.498687,87.95
169,22,0.57668,76.06
170,95,0.519732,4.12
170,72,0.88045,2.43
170,76,0.534474,4.0
170,82,0.781285,2.74
170,9,0.547844,3.9
170,81,0.447427,4.78
170,19,0.875583,2.44
170,49,0.573236,3.73
170,30,0.598172,3.58
170,88,0.818755,2.61
170,67,0.89218,2.4
170,90,0.592665,3.61
170,16,0.945828,2.26
170,57,0.637389,3.36
170,97,0.459897,4.65
170,39,0.608832,3.51
170,11,0.284383,7.52
170,84,0.586047,3.65
170,44,0.805302,2.66
170,94,0.540621,3.96
170,0,0.874043,2.45
170,75,0.511978,4.18
170,59,0.647936,3.3
170,91,0.688681,3.11
170,27,0.592501,3.61
170,25,0.626133,3.42
170,5,0.666591,3.21
170,66,0.365147,5.86
170,61,0.910345,2.35
170,73,0.517721,4.13
170,28,0.280303,7.63
170,65,0.693743,3.08
170,20,0.706761,3.03
170,35,0.706747,3.03
170,21,0.740037,2.89
170,46,0.130774,16.36
170,93,0.646188,3.31
170,31,0.762788,2.8
170,3,0.389258,5.5
170,18,0.638507,3.35
170,96,0.75302,2.84
170,69,0.811449,2.64
170,40,0.662259,3.23
170,42,0.58339,3.67
170,14,0.665238,3.22
170,17,0.356819,5.99
170,63,0.418668,5.11
170,53,0.720058,2.97
170,24,0.69779,3.07
170,13,0.191191,11.19
170,56,0.645536,3.31
170,60,0.549579,3.89
170,51,0.421857,5.07
170,87,0.527268,4.06
170,85,0.550949,3.88
170,64,0.443144,4.83
170,36,0.323816,6.61
170,78,0.449434,4.76
170,68,0.179924,11.89
170,43,0.59142,3.62
170,7,0.504152,4.24
170,15,0.658962,3.25
170,6,0.226436,9.45
170,70,0.374742,5.71
170,79,0.145345,14.72
170,4,0.534168,4.0
170,23,0.558746,3.83
170,8,0.343277,6.23
170,10,0.925099,2.31
170,33,0.90502,2.36
170,2,0.519252,4.12
170,92,0.864017,2.48
170,89,0.381997,5.6
170,80,0.847258,2.52
170,29,0.839248,2.55
170,83,0.78055,2.74
170,48,0.520934,4.11
170,47,0.858021,2.49
170,54,0.858962,2.49
170,41,0.750512,2.85
170,74,0.266306,8.03
170,86,0.860318,2.49
170,37,0.698225,3.06
170,50,0.803169,2.66
170,26,1.0,2.14
170,58,0.644413,3.32
170,98,0.856247,2.5
170,32,0.267737,7.99
170,62,0.948006,2.26
170,12,0.931032,2.3
170,52,0.873502,2.45
170,71,0.812005,2.63
170,99,0.396491,5.39
170,1,0.710312,3.01
170,77,0.643249,3.33
170,38,0.860486,2.49
170,34,0.716744,2.98
170,22,0.786751,2.72
170,55,0.226978,9.42
170,45,0.328789,6.51
171,46,0.695377,1.99
171,20,0.516149,2.68
171,33,0.504583,2.74
171,15,0.714307,1.93
171,34,0.498443,2.77
171,28,0.611706,2.26
171,81,0.827101,1.67
171,35,0.96198,1.44
171,90,0.184104,7.5
171,88,0.467345,2.96
171,99,0.498809,2.77
171,54,0.378052,3.65
171,39,0.864974,1.6
171,52,0.717688,1.92
171,50,0.400961,3.44
171,27,0.932856,1.48
171,77,0.840405,1.64
171,61,0.943572,1.46
171,10,0.391857,3.52
171,64,0.743307,1.86
171,5,0.809519,1.71
171,11,0.749402,1.84
171,17,0.277813,4.97
171,79,0.390901,3.53
171,49,1.0,1.38
171,26,0.381363,3.62
171,30,0.592197,2.33
171,45,0.309177,4.47
171,63,0.649285,2.13
171,72,0.702733,1.97
171,82,0.672229,2.05
171,95,0.701389,1.97
171,59,0.900792,1.53
171,40,0.705726,1.96
171,51,0.730055,1.89
171,58,0.870921,1.59
171,70,0.757099,1.82
171,74,0.758527,1.82
171,83,0.527663,2.62
171,24,0.601475,2.3
171,42,0.423279,3.26
171,84,0.60127,2.3
171,31,0.856013,1.61
171,60,0.820002,1.68
171,25,0.510758,2.7
171,94,0.784949,1.76
171,65,0.581031,2.38
171,16,0.727432,1.9
171,36,0.866637,1.59
171,71,0.737097,1.87
171,76,0.809248,1.71
171,14,0.158673,8.7
171,19,0.507957,2.72
171,44,0.744301,1.86
171,32,0.363981,3.79
171,6,0.349046,3.96
171,55,0.709998,1.95
171,37,0.581677,2.37
171,69,0.570194,2.42
171,0,0.538597,2.56
171,13,0.527921,2.62
171,93,0.839477,1.65
171,47,0.371984,3.71
171,9,0.811203,1.7
171,38,0.830472,1.66
171,7,0.199924,6.91
171,80,0.73061,1.89
171,86,0.706601,1.95
171,22,0.637537,2.17
171,89,0.505002,2.73
171,57,0.732979,1.88
171,4,0.549543,2.51
171,97,0.716944,1.93
171,21,0.495357,2.79
171,53,0.658082,2.1
171,23,0.531208,2.6
171,43,0.523991,2.64
171,29,0.796306,1.73
171,98,0.492421,2.8
171,91,0.687806,2.01
171,3,0.430127,3.21
171,56,0.400838,3.45
171,12,0.747112,1.85
171,67,0.507987,2.72
171,66,0.379937,3.64
171,96,0.640257,2.16
171,62,0.168123,8.22
171,18,0.528785,2.61
171,8,0.871999,1.58
171,85,0.599991,2.3
171,75,0.828782,1.67
171,48,0.45024,3.07
171,78,0.885843,1.56
172,33,0.609435,1.17
172,2,0.28693,2.48
172,42,0.87619,0.81
172,28,0.284021,2.5
172,8,0.987094,0.72
172,68,0.31888,2.23
172,80,0.590384,1.2
172,70,0.990664,0.72
172,52,0.779282,0.91
172,97,0.806486,0.88
172,69,0.850731,0.84
172,41,0.710364,1.0
172,23,0.196811,3.61
172,87,0.362014,1.96
172,64,0.694252,1.02
172,65,0.68387,1.04
172,81,0.793428,0.9
172,60,0.214888,3.31
172,49,0.767512,0.93
172,15,0.813401,0.87
172,57,0.82088,0.87
172,20,0.840949,0.85
172,59,0.739566,0.96
172,34,0.532655,1.33
172,53,0.516932,1.37
172,7,0.682181,1.04
172,1,0.513063,1.39
172,31,0.689387,1.03
172,37,0.836401,0.85
172,11,0.993231,0.72
172,0,0.590736,1.2
172,47,0.366482,1.94
172,22,0.703286,1.01
172,79,0.687452,1.03
172,3,0.779469,0.91
172,30,0.935711,0.76
172,94,0.606447,1.17
172,5,0.491133,1.45
172,85,0.663802,1.07
172,62,0.612622,1.16
172,71,0.321515,2.21
172,77,0.967201,0.73
172,17,0.23504,3.02
172,90,0.926498,0.77
172,63,0.376616,1.89
172,44,0.375717,1.89
172,36,0.555721,1.28
172,96,0.48123,1.48
172,16,0.680236,1.04
172,21,0.260655,2.73
172,89,1.0,0.71
172,73,0.854822,0.83
172,38,0.779764,0.91
172,61,0.550874,1.29
172,84,0.437491,1.62
172,27,0.806569,0.88
172,66,0.364661,1.95
172,56,0.164794,4.31
172,51,0.806416,0.88
172,45,0.265844,2.67
172,46,0.573531,1.24
172,4,0.703511,1.01
172,92,0.556631,1.28
172,78,0.666626,1.07
172,14,0.701279,1.01
172,18,0.865333,0.82
172,26,0.862902,0.82
172,6,0.273886,2.59
172,32,0.436345,1.63
172,10,0.421217,1.69
172,54,0.596698,1.19
172,29,0.461919,1.54
172,39,0.769051,0.92
172,75,0.966142,0.74
172,91,0.490043,1.45
172,82,0.621481,1.14
172,95,0.372627,1.91
172,99,0.310248,2.29
172,83,0.815984,0.87
172,55,0.229397,3.1
172,35,0.833459,0.85
172,43,0.424233,1.68
172,24,0.538126,1.32
172,48,0.889356,0.8
173,44,0.58134,1366.8
173,8,0.821799,966.87
173,55,0.395348,2009.81
173,63,0.250814,3167.98
173,74,0.4634,1714.66
173,21,0.415899,1910.5
173,14,0.327976,2422.66
173,18,0.942295,843.23
173,56,0.758028,1048.21
173,98,0.774762,1025.57
173,77,0.285915,2779.06
173,40,0.823024,965.43
173,92,0.492781,1612.43
173,51,0.749128,1060.67
173,11,0.689874,1151.77
173,61,1.0,794.57
173,15,0.547105,1452.33
173,65,0.391679,2028.64
173,53,0.451031,1761.69
173,60,0.435845,1823.07
173,7,0.807793,983.64
173,95,0.394543,2013.91
173,97,0.76891,1033.38
173,64,0.666545,1192.08
173,30,0.875541,907.52
173,80,0.257408,3086.83
173,17,0.299611,2652.02
173,3,0.435698,1823.68
173,90,0.193659,4102.97
173,89,0.876019,907.03
173,32,0.821811,966.86
173,88,0.473915,1676.62
173,33,0.864671,918.93
173,59,0.250477,3172.25
173,10,0.427688,1857.84
173,31,0.684979,1160.0
173,28,0.710273,1118.69
173,71,0.433517,1832.86
173,42,0.673699,1179.42
173,20,0.995229,798.38
173,35,0.752733,1055.59
173,5,0.418546,1898.42
173,99,0.499024,1592.26
173,37,0.398779,1992.52
173,45,0.643991,1233.83
173,26,0.453884,1750.61
173,13,0.483979,1641.75
173,16,0.910308,872.86
173,66,0.679481,1169.38
173,58,0.617331,1287.11
173,93,0.287906,2759.84
173,1,0.644219,1233.39
173,2,0.359812,2208.31
173,19,0.636593,1248.17
173,43,0.897071,885.74
173,83,0.504435,1575.18
173,24,0.477664,1663.46
173,9,0.445491,1783.59
173,23,0.919094,864.52
173,25,0.781505,1016.72
173,36,0.459681,1728.54
173,79,0.520201,1527.44
173,94,0.694608,1143.92
173,57,0.558941,1421.57
173,39,0.57794,1374.84
173,0,0.236476,3360.07
173,91,0.720593,1102.67
173,50,0.676069,1175.29
173,76,0.96873,820.22
174,56,0.806069,0.02
174,32,0.826009,0.01
174,27,0.199658,0.06
174,24,0.845672,0.01
174,38,0.504183,0.02
174,0,0.71791,0.02
174,72,0.922661,0.01
174,90,0.427509,0.03
174,87,0.554198,0.02
174,58,0.474726,0.03
174,6,0.548455,0.02
174,41,0.883702,0.01
174,43,0.600966,0.02
174,91,0.877869,0.01
174,3,0.836214,0.01
174,14,0.390009,0.03
174,25,0.550527,0.02
174,26,0.59398,0.02
174,96,0.915246,0.01
174,37,0.430394,0.03
174,29,0.439228,0.03
174,11,0.421335,0.03
174,60,0.775468,0.02
174,17,0.600412,0.02
174,62,0.774861,0.02
174,36,0.924837,0.01
174,54,0.530051,0.02
174,28,0.952975,0.01
174,12,0.608832,0.02
174,64,0.700544,0.02
174,70,0.57142,0.02
174,45,0.506649,0.02
174,30,0.326559,0.04
174,98,1.0,0.01
174,2,0.31021,0.04
174,18,0.291309,0.04
174,50,0.711461,0.02
174,57,0.275232,0.04
174,7,0.501339,0.02
174,52,0.268924,0.05
174,86,0.659216,0.02
174,85,0.700783,0.02
174,61,0.647614,0.02
174,21,0.773105,0.02
174,47,0.707009,0.02
174,33,0.784628,0.02
174,20,0.620994,0.02
174,9,0.23851,0.05
174,81,0.938303,0.01
174,13,0.267068,0.05
174,10,0.741648,0.02
174,63,0.972173,0.01
174,5,0.534398,0.02
174,65,0.572723,0.02
174,93,0.565772,0.02
174,44,0.653708,0.02
174,73,0.176307,0.07
174,40,0.987905,0.01
174,99,0.3329,0.04
174,67,0.326359,0.04
174,42,0.928261,0.01
174,66,0.83191,0.01
174,35,0.445302,0.03
174,69,0.721678,0.02
174,82,0.878662,0.01
174,77,0.463143,0.03
174,46,0.521052,0.02
174,23,0.28435,0.04
174,74,0.453265,0.03
174,4,0.660693,0.02
174,94,0.19238,0.06
174,95,0.750494,0.02
174,22,0.927985,0.01
174,59,0.114398,0.11
175,66,0.692452,1.03
175,17,0.439946,1.62
175,3,0.928628,0.77
175,52,0.348866,2.05
175,33,0.610135,1.17
175,85,0.507169,1.41
175,44,0.898195,0.8
175,48,0.619202,1.15
175,18,0.650351,1.1
175,82,0.408102,1.75
175,80,0.339703,2.1
175,97,0.75337,0.95
175,89,0.58171,1.23
175,88,0.662392,1.08
175,78,0.855414,0.84
175,70,0.661324,1.08
175,24,0.776218,0.92
175,87,0.360217,1.98
175,22,0.846225,0.84
175,63,0.275905,2.59
175,83,0.775515,0.92
175,55,0.575175,1.24
175,47,0.332415,2.15
175,91,0.35218,2.03
175,72,0.662331,1.08
175,26,0.504593,1.42
175,58,0.734837,0.97
175,16,0.74438,0.96
175,77,0.665358,1.07
175,75,0.480072,1.49
175,6,0.103194,6.93
175,40,0.548982,1.3
175,92,0.140502,5.09
175,93,0.702555,1.02
175,96,0.361028,1.98
175,59,0.673952,1.06
175,12,0.739326,0.97
175,56,0.504156,1.42
175,67,0.570165,1.25
175,27,0.592059,1.21
175,28,0.656227,1.09
175,53,0.77909,0.92
175,4,0.518122,1.38
175,9,0.849839,0.84
175,29,0.688295,1.04
175,65,0.240355,2.97
175,51,0.649436,1.1
175,39,0.506316,1.41
175,19,0.283807,2.52
175,98,0.64365,1.11
175,45,0.419273,1.7
175,1,0.486302,1.47
175,69,0.50394,1.42
175,14,0.60519,1.18
175,61,0.641225,1.11
175,81,0.642491,1.11
175,36,0.885641,0.81
175,64,0.845416,0.85
175,8,0.820634,0.87
175,20,0.896677,0.8
175,90,0.558374,1.28
175,15,0.855332,0.84
175,10,0.640322,1.12
175,73,0.737116,0.97
175,94,0.42187,1.69
175,2,0.96626,0.74
175,35,0.47317,1.51
175,54,0.790526,0.9
175,49,0.528063,1.35
175,32,0.920876,0.78
175,50,0.625838,1.14
175,13,0.872062,0.82
175,60,1.0,0.71
175,95,0.571179,1.25
175,84,0.390298,1.83
175,38,0.731142,0.98
175,74,0.219894,3.25
175,42,0.742548,0.96
175,86,0.247846,2.88
175,76,0.912075,0.78
175,5,0.95876,0.75
175,31,0.829704,0.86
175,57,0.838113,0.85
175,23,0.596672,1.2
175,11,0.998845,0.72
175,25,0.672081,1.06
175,0,0.70711,1.01
175,46,0.855749,0.84
175,99,0.918539,0.78
175,34,0.685602,1.04
175,71,0.68573,1.04
176,95,0.826295,0.0
176,79,0.778401,0.0
176,2,0.499958,0.0
176,43,0.777463,0.0
176,94,0.632555,0.0
176,56,0.784097,0.0
176,25,0.831342,0.0
176,83,0.789131,0.0
176,7,0.403956,0.0
176,15,0.658725,0.0
176,75,0.87772,0.0
176,76,0.551306,0.0
176,41,0.615149,0.0
176,16,0.785002,0.0
176,50,1.0,0.0
176,9,0.59373,0.0
176,35,0.536167,0.0
176,45,0.651635,0.0
176,99,0.429111,0.0
176,66,0.852246,0.0
176,21,0.571906,0.0
176,37,0.924329,0.0
176,47,0.669709,0.0
176,51,0.540132,0.0
176,54,0.920689,0.0
176,29,0.601134,0.0
176,55,0.840472,0.0
176,27,0.573505,0.0
176,6,0.172906,0.0
176,82,0.532622,0.0
176,14,0.47512,0.0
176,17,0.178789,0.0
176,80,0.673213,0.0
176,10,0.861982,0.0
176,52,0.982147,0.0
176,93,0.46234,0.0
176,81,0.306446,0.0
176,39,0.606678,0.0
176,78,0.347164,0.0
176,72,0.916379,0.0
176,69,0.748279,0.0
176,63,0.98075,0.0
176,5,0.866159,0.0
176,74,0.492252,0.0
176,90,0.417091,0.0
176,12,0.737141,0.0
176,48,0.989503,0.0
176,89,0.363735,0.0
176,92,0.444571,0.0
176,22,0.782579,0.0
176,64,0.724332,0.0
176,88,0.810634,0.0
176,40,0.892236,0.0
176,73,0.833809,0.0
176,49,0.833048,0.0
176,36,0.37458,0.0
176,77,0.910802,0.0
176,98,0.333561,0.0
176,28,0.869357,0.0
176,97,0.780716,0.0
176,3,0.414218,0.0
176,91,0.230302,0.0
176,42,0.539788,0.0
176,96,0.786942,0.0
176,46,0.347085,0.0
176,68,0.702832,0.0
176,13,0.758819,0.0
176,38,0.707627,0.0
176,60,0.716896,0.0
176,4,0.88774,0.0
176,19,0.516812,0.0
176,57,0.957246,0.0
176,71,0.722038,0.0
176,23,0.794432,0.0
176,67,0.328005,0.0
176,65,0.473713,0.0
176,87,0.537419,0.0
176,62,0.613305,0.0
176,32,0.306962,0.0
176,8,0.287293,0.0
176,31,0.909119,0.0
176,61,0.770441,0.0
176,11,0.8969,0.0
176,59,0.195183,0.0
176,44,0.680549,0.0
176,24,0.916549,0.0
176,86,0.548457,0.0
176,53,0.668171,0.0
176,0,0.914655,0.0
177,37,0.561513,0.0
177,28,0.630344,0.0
177,59,0.799024,0.0
177,53,0.422489,0.0
177,19,0.810285,0.0
177,78,0.661051,0.0
177,95,0.953683,0.0
177,92,0.607371,0.0
177,4,0.562307,0.0
177,54,0.784181,0.0
177,96,0.330359,0.0
177,44,0.768758,0.0
177,33,0.818157,0.0
177,46,0.258185,0.0
177,89,0.697709,0.0
177,82,0.712468,0.0
177,81,0.760084,0.0
177,85,0.961314,0.0
177,63,0.575066,0.0
177,6,0.617853,0.0
177,24,0.720969,0.0
177,56,0.705526,0.0
177,80,0.911424,0.0
177,94,0.644033,0.0
177,77,0.884502,0.0
177,8,0.436933,0.0
177,75,0.348398,0.0
177,72,0.587973,0.0
177,47,0.781209,0.0
177,86,0.795568,0.0
177,61,0.756659,0.0
177,45,0.700233,0.0
177,29,0.451418,0.0
177,64,1.0,0.0
177,16,0.643672,0.0
177,43,0.570991,0.0
177,57,0.513597,0.0
177,35,0.711191,0.0
177,65,0.654657,0.0
177,88,0.726188,0.0
177,13,0.554705,0.0
177,67,0.49762,0.0
177,5,0.255517,0.0
177,73,0.761758,0.0
177,30,0.276653,0.0
177,41,0.66615,0.0
177,49,0.117303,0.01
177,91,0.892699,0.0
177,66,0.546323,0.0
177,60,0.47434,0.0
177,62,0.849131,0.0
177,22,0.223579,0.0
178,79,0.467845,5.79
178,80,0.149082,18.18
178,46,0.792231,3.42
178,31,0.768932,3.53
178,56,0.671602,4.04
178,19,1.0,2.71
178,71,0.764874,3.54
178,12,0.867671,3.12
178,59,0.602465,4.5
178,61,0.648328,4.18
178,33,0.962525,2.82
178,0,0.371699,7.29
178,93,0.533286,5.08
178,78,0.412282,6.58
178,87,0.415711,6.52
178,67,0.818078,3.31
178,39,0.885591,3.06
178,60,0.546881,4.96
178,73,0.809426,3.35
178,95,0.515319,5.26
178,97,0.15104,17.95
178,27,0.279296,9.71
178,9,0.269575,10.06
178,15,0.285823,9.48
178,99,0.997807,2.72
178,37,0.73461,3.69
178,41,0.744442,3.64
178,8,0.614246,4.41
178,53,0.354153,7.65
178,38,0.182532,14.85
178,86,0.51707,5.24
178,96,0.862963,3.14
178,84,0.647254,4.19
179,24,0.813866,1.05
179,72,0.450954,1.89
179,7,0.849073,1.01
179,75,0.705929,1.21
179,62,0.458354,1.86
179,31,0.843151,1.01
179,71,0.738414,1.16
179,1,0.472831,1.81
179,56,0.62068,1.38
179,78,0.565243,1.51
179,96,0.664963,1.28
179,12,0.296612,2.88
179,36,1.0,0.85
179,77,0.710537,1.2
179,30,0.568488,1.5
179,63,0.924678,0.92
179,13,0.105084,8.13
179,76,0.896829,0.95
179,11,0.608539,1.4
179,4,0.869487,0.98
179,35,0.687086,1.24
179,47,0.857233,1.0
179,14,0.624689,1.37
179,38,0.36753,2.32
179,15,0.562972,1.52
180,20,0.864175,0.01
180,59,0.602905,0.02
180,98,0.236375,0.04
180,60,0.536544,0.02
180,86,0.904953,0.01
180,58,0.862073,0.01
180,11,0.66276,0.01
180,24,0.837971,0.01
180,47,0.974728,0.01
180,68,0.179741,0.05
180,79,0.736941,0.01
180,77,0.718404,0.01
180,82,0.416094,0.02
180,52,0.902034,0.01
180,15,0.775478,0.01
180,50,0.623124,0.02
180,2,0.647353,0.02
180,7,0.830217,0.01
180,10,0.847383,0.01
180,26,0.844021,0.01
180,13,0.309601,0.03
180,14,1.0,0.01
180,31,0.915114,0.01
180,63,0.697647,0.01
180,64,0.953537,0.01
180,56,0.844319,0.01
180,8,0.386465,0.03
180,69,0.516633,0.02
180,96,0.921945,0.01
180,97,0.794601,0.01
180,67,0.708606,0.01
180,21,0.40893,0.02
180,30,0.738816,0.01
180,87,0.460142,0.02
180,66,0.87125,0.01
180,57,0.620192,0.02
180,71,0.617675,0.02
180,9,0.380833,0.03
180,95,0.941476,0.01
180,99,0.571086,0.02
180,35,0.588138,0.02
180,19,0.85945,0.01
180,3,0.87481,0.01
180,61,0.902961,0.01
180,84,0.42221,0.02
180,75,0.911162,0.01
180,38,0.884885,0.01
180,41,0.495524,0.02
180,0,0.548471,0.02
180,80,0.723782,0.01
180,93,0.698829,0.01
180,40,0.297822,0.03
180,90,0.888377,0.01
180,1,0.721334,0.01
180,37,0.388802,0.03
180,17,0.859278,0.01
180,55,0.474766,0.02
180,92,0.295138,0.03
180,25,0.326169,0.03
180,51,0.493569,0.02
180,91,0.85798,0.01
180,48,0.950492,0.01
180,43,0.966341,0.01
180,33,0.739663,0.01
180,46,0.627704,0.02
180,49,0.423932,0.02
180,23,0.643154,0.02
180,36,0.364381,0.03
180,81,0.850514,0.01
180,27,0.526742,0.02
180,16,0.453928,0.02
180,29,0.572783,0.02
180,42,0.686924,0.01
180,72,0.565024,0.02
180,94,0.429625,0.02
180,78,0.406698,0.02
180,6,0.990508,0.01
180,45,0.515697,0.02
180,76,0.418515,0.02
180,44,0.325038,0.03
180,73,0.8077,0.01
180,53,0.671737,0.01
180,22,0.717304,0.01
180,18,0.215305,0.05
180,74,0.720913,0.01
180,39,0.466235,0.02
180,70,0.962508,0.01
180,62,0.560478,0.02
180,28,0.709412,0.01
180,83,0.757365,0.01
180,4,0.836954,0.01
180,89,0.938175,0.01
180,32,0.794972,0.01
180,5,0.606269,0.02
180,34,0.368058,0.03
180,54,0.852708,0.01
180,12,0.517531,0.02
180,65,0.848621,0.01
180,88,0.776354,0.01
181,89,0.403589,0.01
181,10,0.637534,0.01
181,93,0.651346,0.01
181,65,0.813592,0.01
181,98,0.762656,0.01
181,91,0.809147,0.01
181,73,0.828559,0.01
181,90,0.386141,0.02
181,18,0.219835,0.03
181,36,0.613996,0.01
181,84,0.645539,0.01
181,94,0.506169,0.01
181,35,0.569593,0.01
181,14,0.699407,0.01
181,21,0.483587,0.01
181,76,0.197463,0.03
181,55,0.578394,0.01
181,28,0.570535,0.01
181,45,0.473079,0.01
181,77,0.729955,0.01
181,63,0.406106,0.01
181,47,0.400084,0.01
181,20,0.980915,0.01
181,17,0.351121,0.02
181,96,0.574632,0.01
181,75,0.912705,0.01
181,29,0.699351,0.01
181,19,0.573162,0.01
181,3,0.975084,0.01
181,82,0.492761,0.01
181,62,0.726696,0.01
181,33,0.539723,0.01
181,4,0.226146,0.03
181,71,0.478176,0.01
181,22,0.386759,0.02
181,97,0.813153,0.01
181,52,0.685505,0.01
181,70,0.76841,0.01
181,69,0.181537,0.03
181,34,0.706583,0.01
181,23,0.925675,0.01
181,53,0.851321,0.01
181,5,0.800664,0.01
181,99,0.524248,0.01
181,74,0.822142,0.01
181,85,0.355244,0.02
181,56,0.678378,0.01
181,49,0.419433,0.01
181,78,0.276107,0.02
181,38,0.195438,0.03
181,72,0.435664,0.01
181,88,0.48615,0.01
181,58,0.537428,0.01
181,46,0.692343,0.01
181,79,0.435463,0.01
181,9,0.450051,0.01
181,50,0.482957,0.01
181,41,0.452497,0.01
181,64,0.210201,0.03
181,86,1.0,0.01
181,31,0.464948,0.01
181,44,0.766425,0.01
181,27,0.267598,0.02
181,87,0.785169,0.01
181,12,0.522479,0.01
181,95,0.834276,0.01
181,40,0.705381,0.01
181,13,0.823433,0.01
181,16,0.450016,0.01
181,51,0.241701,0.02
181,6,0.900858,0.01
181,42,0.409327,0.01
181,15,0.959058,0.01
181,54,0.456707,0.01
181,11,0.758322,0.01
181,25,0.656944,0.01
181,83,0.957008,0.01
181,68,0.761079,0.01
181,80,0.671976,0.01
181,26,0.634981,0.01
181,7,0.176998,0.03
181,37,0.492876,0.01
181,30,0.942881,0.01
181,60,0.311527,0.02
182,81,0.602533,1.2
182,11,0.704829,1.03
182,16,0.43046,1.68
182,98,0.623224,1.16
182,46,0.337318,2.15
182,24,0.966355,0.75
182,23,0.439535,1.65
182,31,0.478992,1.51
182,64,0.627241,1.16
182,69,0.780212,0.93
182,39,0.645272,1.12
182,7,0.508146,1.43
182,72,0.626192,1.16
182,78,0.373634,1.94
182,43,0.581302,1.25
182,47,1.0,0.72
182,85,0.767,0.94
182,1,0.927128,0.78
182,54,0.625172,1.16
182,20,0.947732,0.76
182,62,0.589212,1.23
182,15,0.832101,0.87
182,71,0.922956,0.79
183,34,0.717136,0.03
183,1,0.517435,0.04
183,74,0.728055,0.03
183,82,0.978722,0.02
183,11,0.876581,0.02
183,90,0.957959,0.02
183,48,1.0,0.02
183,10,0.767234,0.02
183,53,0.660012,0.03
183,72,0.571412,0.03
183,27,0.76534,0.02
183,15,0.841529,0.02
183,31,0.377396,0.05
183,25,0.787701,0.02
183,87,0.281119,0.07
183,93,0.316611,0.06
183,86,0.783485,0.02
183,37,0.61842,0.03
183,41,0.672916,0.03
183,22,0.365628,0.05
183,68,0.82558,0.02
183,3,0.780641,0.02
183,99,0.676693,0.03
183,28,0.481422,0.04
183,24,0.422728,0.04
183,80,0.621023,0.03
183,49,0.735412,0.03
183,32,0.825867,0.02
183,35,0.662059,0.03
183,77,0.814356,0.02
183,47,0.807272,0.02
183,65,0.802016,0.02
183,12,0.469104,0.04
183,51,0.549949,0.03
183,38,0.567094,0.03
183,70,0.345918,0.05
183,91,0.769283,0.02
183,58,0.397269,0.05
183,6,0.44202,0.04
183,50,0.743501,0.02
183,21,0.459932,0.04
183,56,0.425822,0.04
183,92,0.676533,0.03
183,40,0.73871,0.03
183,94,0.695866,0.03
183,26,0.7531,0.02
183,71,0.76057,0.02
183,7,0.670395,0.03
183,20,0.551454,0.03
184,33,0.765305,0.41
184,26,0.215172,1.44
184,86,0.461115,0.67
184,11,0.824761,0.38
184,89,0.817253,0.38
184,80,0.540125,0.58
184,94,0.816959,0.38
184,83,0.660269,0.47
184,54,0.693495,0.45
184,12,0.570864,0.54
184,9,0.260053,1.2
184,69,0.788682,0.39
184,52,0.823666,0.38
184,75,0.68182,0.46
184,66,0.912073,0.34
184,14,0.62139,0.5
184,35,0.51262,0.61
184,22,0.534019,0.58
184,84,0.794775,0.39
184,64,0.597882,0.52
184,47,0.80237,0.39
184,73,0.463315,0.67
184,23,0.587703,0.53
184,72,0.72192,0.43
184,30,0.516697,0.6
184,6,0.971317,0.32
184,3,0.645383,0.48
184,37,0.719374,0.43
184,92,0.530739,0.59
184,18,0.896845,0.35
184,20,0.439976,0.71
184,34,0.603296,0.52
184,87,0.901604,0.34
184,59,0.49674,0.63
184,51,0.215599,1.44
184,13,0.298045,1.04
184,67,0.767022,0.41
184,63,0.543882,0.57
184,98,0.823979,0.38
184,49,1.0,0.31
184,7,0.844095,0.37
184,85,0.815291,0.38
184,68,0.461051,0.67
184,77,0.710567,0.44
184,29,0.902037,0.34
184,2,0.649908,0.48
184,79,0.764904,0.41
184,78,0.753477,0.41
184,5,0.940801,0.33
184,1,0.770518,0.4
184,36,0.412892,0.75
184,10,0.728129,0.43
184,62,0.4341,0.72
184,97,0.705046,0.44
184,81,0.29637,1.05
184,28,0.661026,0.47
184,71,0.870896,0.36
184,27,0.626128,0.5
184,25,0.203332,1.53
184,88,0.741377,0.42
184,82,0.564363,0.55
184,46,0.789302,0.39
185,30,0.778687,452.82
185,23,0.642429,548.86
185,4,0.806144,437.39
185,38,0.40859,862.98
185,7,0.537781,655.66
185,50,0.897229,392.99
185,31,0.707878,498.11
185,20,0.975779,361.36
185,21,0.937081,376.28
185,24,0.430868,818.36
185,49,0.888109,397.03
185,22,0.380132,927.58
185,82,0.993819,354.8
185,64,0.91097,387.06
185,12,0.82171,429.11
185,87,0.929194,379.47
185,74,0.907355,388.61
185,58,0.772267,456.58
185,72,0.393884,895.2
185,79,0.525427,671.08
185,10,0.427029,825.71
185,13,0.640458,550.55
185,80,0.758643,464.78
185,27,0.82798,425.86
185,3,0.926347,380.64
185,60,1.0,352.6
185,29,0.32264,1092.87
185,53,0.797164,442.32
185,89,0.43149,817.17
185,11,0.462895,761.74
186,55,0.549319,21.87
186,3,0.929847,12.92
186,82,0.58669,20.48
186,40,0.964676,12.45
186,49,0.788106,15.24
186,32,0.680039,17.67
186,15,0.625671,19.2
186,29,0.691551,17.37
186,10,0.261151,46.0
186,90,0.668903,17.96
186,2,0.372504,32.25
186,51,0.480354,25.01
186,88,0.535923,22.42
186,50,0.543347,22.11
186,5,0.952059,12.62
186,19,0.480557,25.0
186,78,0.670636,17.91
186,63,0.81748,14.7
186,18,0.709367,16.94
186,83,0.829966,14.47
186,38,0.712426,16.86
186,42,0.303114,39.63
186,93,0.787014,15.26
186,25,0.484927,24.77
186,45,0.570597,21.05
186,52,0.621148,19.34
186,0,0.932418,12.88
186,6,0.815337,14.73
186,9,0.775301,15.49
186,33,0.773313,15.53
186,66,0.63933,18.79
186,1,0.686615,17.5
186,87,0.790404,15.2
186,71,0.893178,13.45
186,7,0.905888,13.26
186,54,0.524133,22.92
186,43,0.708069,16.97
186,99,0.578646,20.76
186,37,0.515179,23.32
186,53,0.726922,16.53
186,47,0.695245,17.28
186,23,0.515635,23.3
186,97,0.612607,19.61
186,73,0.369704,32.49
186,13,0.755695,15.9
186,41,0.20432,58.8
186,76,0.693636,17.32
186,62,0.698794,17.19
186,57,0.912014,13.17
186,86,0.196816,61.04
186,69,0.372874,32.22
186,27,0.604514,19.87
186,91,0.443152,27.11
186,14,0.941437,12.76
186,30,0.704879,17.04
186,20,0.647403,18.56
186,68,0.799254,15.03
186,21,0.884895,13.58
186,96,0.386529,31.08
186,81,0.504632,23.81
186,74,0.713686,16.83
186,95,0.558455,21.51
186,11,0.701522,17.12
186,26,1.0,12.01
186,56,0.513919,23.38
186,59,0.69307,17.33
186,75,0.809885,14.83
186,17,0.223873,53.66
186,24,0.560603,21.43
186,70,0.433052,27.74
186,22,0.463138,25.94
186,85,0.591723,20.3
186,79,0.491358,24.45
186,67,0.964317,12.46
186,12,0.256103,46.91
186,92,0.488948,24.57
186,16,0.388135,30.95
186,72,0.666139,18.03
186,46,0.727695,16.51
186,34,0.932245,12.89
186,84,0.638855,18.8
186,8,0.832047,14.44
186,61,0.760713,15.79
186,58,0.329974,36.41
186,77,0.376677,31.89
186,39,0.473035,25.4
187,30,0.898479,43.83
187,14,0.861733,45.69
187,90,0.712716,55.25
187,61,0.469056,83.95
187,37,0.459358,85.72
187,20,0.474686,82.95
187,8,0.797431,49.38
187,13,0.61632,63.89
187,43,0.341794,115.21
187,16,0.817919,48.14
187,92,0.512626,76.81
187,88,0.310105,126.98
187,74,0.91113,43.22
187,80,0.748974,52.57
187,94,0.724584,54.34
187,55,0.42031,93.68
187,76,0.939057,41.93
187,99,0.388546,101.34
187,53,0.779084,50.54
187,0,0.826391,47.65
187,73,0.62176,63.33
187,75,0.990588,39.75
187,63,0.726,54.24
187,5,0.853369,46.14
187,60,0.826676,47.63
187,24,0.852061,46.21
187,47,0.977823,40.27
187,46,0.94677,41.59
187,12,0.164831,238.89
187,29,0.239412,164.47
187,11,0.371736,105.93
187,3,0.188951,208.4
187,82,0.376085,104.7
187,54,0.168956,233.06
187,66,0.597321,65.92
187,87,0.455212,86.5
187,42,0.997631,39.47
187,38,0.341622,115.26
187,18,0.269654,146.03
187,6,0.878063,44.84
187,9,0.72894,54.02
187,98,0.760508,51.78
187,86,0.587402,67.04
187,77,0.331701,118.71
187,50,0.350285,112.41
187,67,0.44706,88.08
187,22,0.86586,45.48
187,64,0.474293,83.02
187,48,0.634816,62.03
187,28,0.833024,47.27
187,19,0.512103,76.89
187,85,0.499373,78.85
187,15,0.867686,45.38
187,70,0.717171,54.91
187,31,0.695075,56.65
187,2,0.958685,41.07
187,62,0.349867,112.55
187,25,0.950558,41.42
187,97,0.519206,75.84
187,59,0.523561,75.21
187,93,0.757485,51.98
187,23,0.649133,60.66
187,26,0.512335,76.86
187,89,0.540203,72.89
187,32,0.616274,63.89
187,91,0.972443,40.49
187,4,0.642924,61.25
187,27,0.881622,44.66
187,1,0.472515,83.33
187,65,0.705399,55.82
187,78,0.460525,85.5
187,68,0.490076,80.35
187,33,0.696867,56.51
187,44,0.872716,45.12
187,52,0.741153,53.13
187,49,0.530574,74.22
187,95,0.733761,53.66
187,40,0.634384,62.07
187,39,0.804025,48.97
187,35,1.0,39.38
187,72,0.836004,47.1
187,17,0.753158,52.28
188,79,0.744549,4.64
188,15,0.350999,9.84
188,60,1.0,3.45
188,54,0.960876,3.59
188,41,0.574373,6.01
188,40,0.559219,6.18
188,65,0.891282,3.88
188,78,0.930025,3.71
188,70,0.908778,3.8
188,93,0.755818,4.57
188,16,0.234486,14.73
188,28,0.540665,6.39
188,76,0.887008,3.89
188,8,0.473976,7.29
188,52,0.821857,4.2
188,18,0.403284,8.56
188,61,0.321863,10.73
188,4,0.834607,4.14
188,37,0.573107,6.03
188,99,0.570295,6.06
188,12,0.767803,4.5
188,36,0.441847,7.82
188,98,0.493042,7.01
188,66,0.503025,6.87
188,46,0.846955,4.08
188,53,0.632713,5.46
188,89,0.701206,4.93
188,30,0.619898,5.57
188,72,0.547599,6.31
188,26,0.388703,8.89
188,68,0.519656,6.65
188,71,0.443959,7.78
188,14,0.944567,3.66
188,51,0.892256,3.87
188,63,0.576056,6.0
188,22,0.973541,3.55
188,6,0.361996,9.54
188,2,0.237133,14.57
188,77,0.675721,5.11
188,88,0.990009,3.49
188,86,0.864743,3.99
188,58,0.949232,3.64
188,85,0.85001,4.06
188,43,0.533468,6.47
188,19,0.373338,9.25
188,95,0.456772,7.56
188,31,0.328626,10.51
188,3,0.735261,4.7
188,47,0.548755,6.29
188,42,0.883735,3.91
188,81,0.629866,5.48
188,50,0.276499,12.49
189,88,0.229391,10.09
189,80,0.49932,4.63
189,23,0.740863,3.12
189,36,0.435425,5.32
189,61,0.782728,2.96
189,12,0.981802,2.36
189,43,0.753312,3.07
189,84,0.627164,3.69
189,20,0.781042,2.96
189,93,0.507481,4.56
189,71,0.705764,3.28
189,74,0.296603,7.8
189,78,0.680839,3.4
189,77,0.860896,2.69
189,51,0.309708,7.47
189,60,1.0,2.31
189,29,0.773399,2.99
189,87,0.681588,3.4
189,7,0.943264,2.45
189,24,0.53118,4.36
189,13,0.729533,3.17
189,49,0.562094,4.12
189,72,0.572857,4.04
189,57,0.797829,2.9
189,22,0.556753,4.16
189,66,0.547129,4.23
189,79,0.521059,4.44
189,69,0.61824,3.74
189,65,0.259553,8.92
189,47,0.710824,3.26
189,68,0.883968,2.62
189,32,0.31806,7.28
189,4,0.829872,2.79
189,58,0.730406,3.17
189,30,0.865399,2.67
189,37,0.815681,2.84
189,83,0.519975,4.45
189,5,0.600016,3.86
189,96,0.591477,3.91
189,1,0.486324,4.76
189,99,0.651932,3.55
189,50,0.738064,3.14
189,90,0.746962,3.1
189,35,0.28915,8.0
189,75,0.684352,3.38
189,40,0.618824,3.74
190,67,0.671919,0.04
190,80,0.192872,0.14
190,5,0.603241,0.05
190,34,0.78478,0.04
190,85,0.677919,0.04
190,69,0.220546,0.13
190,78,0.434067,0.06
190,13,0.615391,0.05
190,77,0.486416,0.06
190,18,0.892932,0.03
190,79,0.452769,0.06
190,37,0.774768,0.04
190,98,0.4649,0.06
190,96,0.818228,0.03
190,56,0.995044,0.03
190,54,0.690523,0.04
190,27,0.756931,0.04
190,25,0.930775,0.03
190,81,0.642302,0.04
190,58,0.601675,0.05
190,62,0.629672,0.04
190,91,0.934097,0.03
190,73,0.201577,0.14
190,30,0.880618,0.03
190,65,0.709719,0.04
190,2,0.894144,0.03
190,32,1.0,0.03
190,57,0.973049,0.03
190,97,0.402038,0.07
190,14,0.748609,0.04
190,31,0.884658,0.03
190,1,0.555369,0.05
190,82,0.922331,0.03
190,87,0.368297,0.08
190,55,0.786099,0.04
190,68,0.748289,0.04
190,86,0.396148,0.07
191,20,0.944965,0.03
191,6,0.687394,0.04
191,38,0.603133,0.04
191,17,0.291853,0.08
191,2,0.986614,0.02
191,82,0.643372,0.04
191,36,0.471549,0.05
191,99,0.6401,0.04
191,18,0.641138,0.04
191,35,0.796194,0.03
191,59,0.479926,0.05
191,1,0.456099,0.05
191,33,0.11792,0.21
191,92,0.983504,0.02
191,66,0.782148,0.03
191,37,0.667686,0.04
191,64,0.225898,0.11
191,40,0.666343,0.04
191,98,0.920836,0.03
191,9,0.638419,0.04
191,25,0.522976,0.05
191,51,0.477002,0.05
191,61,0.526713,0.05
191,96,0.336483,0.07
191,84,0.851921,0.03
191,43,0.41874,0.06
191,95,0.675535,0.04
191,71,0.181674,0.13
191,30,0.58841,0.04
191,91,0.984811,0.02
191,81,0.522897,0.05
191,73,0.788236,0.03
191,67,0.968003,0.03
191,94,0.981249,0.02
191,56,0.634556,0.04
191,41,1.0,0.02
191,70,0.658787,0.04
191,4,0.7689,0.03
191,65,0.695399,0.04
191,93,0.283891,0.09
191,14,0.898144,0.03
191,10,0.590634,0.04
191,24,0.78576,0.03
191,97,0.6493,0.04
192,38,0.274446,7.37
192,40,0.514864,3.93
192,42,0.771499,2.62
192,89,0.939848,2.15
192,16,0.236381,8.56
192,91,0.464449,4.36
192,57,0.441198,4.58
192,98,0.517179,3.91
192,81,0.354762,5.7
192,25,0.307219,6.58
192,63,0.803341,2.52
192,1,0.376896,5.37
192,3,0.663954,3.05
192,32,0.833379,2.43
192,14,0.127153,15.91
192,4,0.657881,3.07
192,22,0.625846,3.23
192,90,0.711031,2.84
192,28,0.933754,2.17
192,49,0.565612,3.58
192,20,0.896628,2.26
192,71,0.580801,3.48
192,48,0.469213,4.31
192,36,0.741152,2.73
192,10,0.893558,2.26
192,8,0.594596,3.4
192,50,0.229493,8.81
192,95,0.605099,3.34
192,62,0.574631,3.52
192,60,0.47342,4.27
192,6,0.710869,2.85
192,31,0.461929,4.38
192,29,0.682354,2.96
192,9,0.833002,2.43
192,94,0.710676,2.85
192,54,0.908812,2.23
192,33,0.492535,4.11
192,37,0.572996,3.53
192,88,0.871101,2.32
192,51,0.781861,2.59
192,15,0.231165,8.75
192,27,0.768675,2.63
192,45,0.870383,2.32
192,79,0.617722,3.27
192,65,0.926761,2.18
192,84,0.472017,4.29
192,58,0.605894,3.34
192,96,0.784368,2.58
192,52,0.495441,4.08
192,99,0.488688,4.14
192,68,0.529438,3.82
192,66,0.625686,3.23
192,78,0.71654,2.82
192,41,0.505793,4.0
192,85,0.797835,2.54
192,64,1.0,2.02
192,73,0.67466,3.0
192,61,0.871636,2.32
192,44,0.879778,2.3
192,2,0.635813,3.18
192,5,0.644062,3.14
192,34,0.825426,2.45
192,83,0.883932,2.29
192,47,0.785442,2.58
192,17,0.60194,3.36
192,0,0.846805,2.39
192,23,0.636318,3.18
192,80,0.819751,2.47
192,72,0.512489,3.95
192,77,0.697619,2.9
192,86,0.331342,6.1
192,59,0.42541,4.75
192,53,0.579433,3.49
192,43,0.571345,3.54
192,7,0.470595,4.3
192,35,0.64262,3.15
192,92,0.732019,2.76
192,76,0.15095,13.4
192,55,0.677865,2.98
192,87,0.292356,6.92
193,15,0.637877,0.02
193,6,0.280011,0.05
193,42,0.506765,0.03
193,14,1.0,0.01
193,83,0.739449,0.02
193,11,0.474813,0.03
193,64,0.629337,0.02
193,36,0.58163,0.02
193,17,0.592628,0.02
193,84,0.934429,0.01
193,48,0.945294,0.01
193,38,0.4936,0.03
193,99,0.240095,0.05
193,0,0.635981,0.02
193,20,0.728304,0.02
193,18,0.724069,0.02
193,98,0.404023,0.03
193,46,0.865538,0.01
193,68,0.70295,0.02
193,30,0.957952,0.01
193,41,0.557919,0.02
193,74,0.243033,0.05
193,79,0.187591,0.07
194,2,0.715239,0.02
194,79,0.894268,0.01
194,87,0.626533,0.02
194,25,0.306838,0.04
194,9,0.392523,0.03
194,36,0.730269,0.02
194,8,0.65869,0.02
194,58,0.437812,0.03
194,85,0.659225,0.02
194,31,0.260225,0.04
194,88,0.348668,0.03
194,90,0.76821,0.01
194,49,0.670431,0.02
194,14,0.83989,0.01
194,20,0.166209,0.07
194,29,0.336897,0.03
194,75,0.72634,0.02
194,27,0.893615,0.01
194,96,0.892036,0.01
194,70,0.810645,0.01
194,11,0.884995,0.01
194,80,0.741395,0.02
194,83,0.994558,0.01
194,32,0.994075,0.01
194,43,0.729639,0.02
194,35,0.82544,0.01
194,56,0.647261,0.02
194,44,0.362221,0.03
194,10,0.925932,0.01
194,77,0.580491,0.02
194,91,0.801,0.01
194,30,0.62053,0.02
194,67,0.850493,0.01
194,78,0.43506,0.03
194,73,0.473915,0.02
194,19,0.932239,0.01
194,72,0.72264,0.02
194,1,0.877997,0.01
194,61,0.36104,0.03
194,50,0.671616,0.02
194,97,0.858552,0.01
194,65,0.743515,0.02
194,24,0.589362,0.02
194,84,0.628682,0.02
194,45,0.64674,0.02
194,4,0.390411,0.03
194,86,0.569266,0.02
194,95,0.863015,0.01
194,93,1.0,0.01
194,66,0.716557,0.02
194,48,0.65488,0.02
194,53,0.543774,0.02
194,28,0.972911,0.01
194,55,0.691631,0.02
194,62,0.435237,0.03
194,37,0.677041,0.02
194,46,0.793692,0.01
194,15,0.596757,0.02
194,6,0.360961,0.03
194,42,0.678449,0.02
194,64,0.88448,0.01
194,81,0.334077,0.03
194,39,0.272952,0.04
194,18,0.443393,0.03
194,59,0.390988,0.03
194,0,0.298523,0.04
194,5,0.55551,0.02
194,21,0.530327,0.02
194,74,0.735046,0.02
194,7,0.672729,0.02
194,94,0.341087,0.03
194,47,0.713544,0.02
195,23,0.171715,15.36
195,39,0.432931,6.09
195,82,0.913531,2.89
195,58,0.591489,4.46
195,52,0.744787,3.54
195,66,0.588178,4.49
195,4,0.425705,6.2
195,60,0.539656,4.89
195,17,0.585402,4.51
195,42,0.477561,5.52
195,92,0.932057,2.83
195,84,0.858368,3.07
195,73,0.531736,4.96
195,56,0.899078,2.93
195,45,0.889606,2.97
195,80,1.0,2.64
195,9,0.893731,2.95
195,24,0.351702,7.5
195,11,0.765614,3.45
195,41,0.798376,3.3
195,35,0.600492,4.39
195,53,0.462682,5.7
195,97,0.379487,6.95
195,54,0.395384,6.67
195,63,0.509,5.18
195,76,0.107615,24.51
195,19,0.806046,3.27
195,13,0.458154,5.76
195,27,0.558825,4.72
195,55,0.604752,4.36
195,1,0.792284,3.33
195,70,0.604401,4.36
195,18,0.527397,5.0
195,36,0.815045,3.24
195,79,0.746774,3.53
195,34,0.44132,5.98
195,59,0.836917,3.15
195,40,0.736277,3.58
195,89,0.762283,3.46
195,81,0.850949,3.1
195,50,0.776076,3.4
195,31,0.557842,4.73
195,8,0.900687,2.93
195,87,0.830861,3.18
195,22,0.606539,4.35
195,20,0.965848,2.73
195,90,0.306838,8.6
195,96,0.126591,20.84
195,77,0.645655,4.09
195,38,0.722006,3.65
195,37,0.608377,4.34
195,49,0.353883,7.45
195,64,0.703156,3.75
195,95,0.518161,5.09
195,74,0.640992,4.12
195,93,0.673768,3.92
195,6,0.747131,3.53
195,98,0.995942,2.65
195,67,0.557642,4.73
195,33,0.508964,5.18
195,48,0.921331,2.86
195,15,0.398284,6.62
195,12,0.566537,4.66
195,14,0.590242,4.47
195,25,0.885314,2.98
195,72,0.592455,4.45
195,71,0.747461,3.53
195,69,0.62942,4.19
195,44,0.710477,3.71
195,83,0.9064,2.91
195,57,0.798054,3.31
195,75,0.836855,3.15
195,3,0.457626,5.76
195,61,0.289866,9.1
195,21,0.435149,6.06
195,99,0.39228,6.72
195,88,0.701912,3.76
195,51,0.260143,10.14
195,65,0.580039,4.55
195,94,0.482992,5.46
195,28,0.785128,3.36
195,2,0.656342,4.02
195,29,0.52223,5.05
195,91,0.212933,12.39
195,10,0.728566,3.62
195,30,0.869858,3.03
195,5,0.761279,3.47
195,26,0.876773,3.01
195,85,0.390137,6.76
195,43,0.518186,5.09
195,32,0.765166,3.45
195,46,0.60303,4.37
195,0,0.603617,4.37
195,16,0.800331,3.3
195,62,0.882424,2.99
195,47,0.899939,2.93
195,68,0.282652,9.33
195,7,0.794173,3.32
195,78,0.889833,2.96
195,86,0.640021,4.12
196,61,0.442065,0.14
196,38,0.424018,0.15
196,79,0.640285,0.1
196,76,0.406288,0.16
196,10,0.730806,0.09
196,98,0.470137,0.13
196,29,0.926192,0.07
196,69,0.451174,0.14
196,30,0.690214,0.09
196,78,0.293706,0.22
196,56,0.930947,0.07
196,86,0.163004,0.39
196,40,0.799087,0.08
196,0,0.87925,0.07
196,43,0.354296,0.18
196,28,0.611538,0.1
196,1,0.711809,0.09
196,70,0.983348,0.06
196,80,0.60712,0.1
196,24,1.0,0.06
196,27,0.458649,0.14
196,48,0.451104,0.14
196,4,0.981125,0.06
196,13,0.759795,0.08
196,37,0.420331,0.15
196,54,0.908639,0.07
196,62,0.176568,0.36
196,14,0.792334,0.08
196,44,0.587337,0.11
196,9,0.711103,0.09
196,95,0.399937,0.16
196,66,0.914103,0.07
196,23,0.731811,0.09
196,73,0.395474,0.16
196,6,0.216781,0.29
196,91,0.475785,0.13
196,20,0.674476,0.09
196,47,0.941884,0.07
196,53,0.613772,0.1
196,92,0.757069,0.08
196,18,0.631141,0.1
196,46,0.439122,0.14
197,31,0.614479,0.56
197,88,0.541056,0.64
197,2,0.753479,0.46
197,27,0.750969,0.46
197,51,0.550047,0.63
197,80,0.739387,0.47
197,9,0.405501,0.85
197,30,0.824203,0.42
197,17,0.385257,0.9
197,91,0.292748,1.18
197,62,0.720865,0.48
197,54,0.845266,0.41
197,74,0.872728,0.4
197,1,0.747276,0.46
197,32,0.644123,0.54
197,83,0.664121,0.52
197,61,0.687968,0.5
197,33,0.413794,0.84
197,38,0.893178,0.39
197,63,1.0,0.35
197,29,0.40031,0.86
197,86,0.659503,0.52
197,77,0.635867,0.54
197,65,0.781082,0.44
197,13,0.450208,0.77
197,15,0.832984,0.42
197,3,0.699689,0.49
197,56,0.726366,0.48
197,71,0.713203,0.49
197,78,0.352959,0.98
197,89,0.630272,0.55
197,53,0.791247,0.44
197,48,0.733175,0.47
197,84,0.142695,2.42
197,39,0.861854,0.4
197,43,0.107117,3.23
197,26,0.460404,0.75
197,59,0.637374,0.54
197,12,0.877172,0.39
197,18,0.907007,0.38
197,40,0.769647,0.45
197,41,0.454362,0.76
197,66,0.702481,0.49
197,46,0.73159,0.47
197,87,0.850122,0.41
198,85,0.373758,0.81
198,62,0.287289,1.05
198,84,0.708961,0.43
198,57,0.778801,0.39
198,16,0.832265,0.36
198,29,0.943073,0.32
198,43,0.893808,0.34
198,97,0.814781,0.37
198,44,0.735939,0.41
198,10,0.644197,0.47
198,61,0.286364,1.06
198,95,0.618074,0.49
198,59,0.539456,0.56
198,35,0.706303,0.43
198,70,0.850632,0.36
198,37,0.787428,0.38
198,58,1.0,0.3
198,76,0.501937,0.6
198,23,0.587591,0.52
198,87,0.610536,0.5
198,5,0.484544,0.62
198,45,0.669683,0.45
198,74,0.899998,0.34
198,82,0.700593,0.43
198,33,0.391416,0.77
198,86,0.894294,0.34
198,48,0.394656,0.77
198,12,0.193173,1.57
198,96,0.363734,0.83
198,28,0.663778,0.46
198,40,0.237725,1.27
198,99,0.523576,0.58
198,51,0.607089,0.5
198,7,0.61179,0.49
198,53,0.587606,0.52
198,64,0.534643,0.57
198,36,0.510928,0.59
198,60,0.84464,0.36
198,18,0.543842,0.56
198,31,0.609871,0.5
198,46,0.752891,0.4
198,93,0.731165,0.41
198,0,0.821303,0.37
198,27,0.863494,0.35
198,80,0.427754,0.71
198,91,0.679878,0.45
198,98,0.822929,0.37
198,19,0.186957,1.62
198,71,0.689756,0.44
198,38,0.488931,0.62
198,47,0.249943,1.21
198,4,0.978124,0.31
198,83,0.305967,0.99
198,90,0.449455,0.67
198,24,0.875774,0.35
198,1,0.952185,0.32
198,9,0.78222,0.39
198,69,0.537175,0.56
198,32,0.194074,1.56
198,94,0.916868,0.33
198,3,0.668634,0.45
198,54,0.742416,0.41
198,68,0.541809,0.56
198,73,0.535546,0.57
198,6,0.641708,0.47
198,50,0.838524,0.36
199,58,0.741913,0.06
199,26,0.455132,0.09
199,31,0.954163,0.04
199,68,0.84033,0.05
199,7,1.0,0.04
199,49,0.34105,0.13
199,12,0.881685,0.05
199,63,0.635381,0.07
199,61,0.725163,0.06
199,79,0.773979,0.06
199,76,0.874041,0.05
199,65,0.351468,0.12
199,72,0.40298,0.11
199,5,0.3936,0.11
199,36,0.943862,0.05
199,98,0.519221,0.08
199,96,0.482181,0.09
199,11,0.338084,0.13
199,6,0.787686,0.05
199,1,0.909898,0.05
199,50,0.479829,0.09
199,27,0.598547,0.07
199,13,0.505333,0.08
199,0,0.427135,0.1
199,40,0.927475,0.05
199,45,0.562722,0.08
199,3,0.737381,0.06
199,59,0.7363,0.06
199,51,0.778155,0.05
199,15,0.513093,0.08
199,32,0.455284,0.09
199,89,0.253601,0.17
199,33,0.490747,0.09
199,88,0.863642,0.05
199,54,0.602178,0.07
199,64,0.442695,0.1
199,87,0.388533,0.11
199,95,0.378555,0.11
199,55,0.943839,0.05
199,42,0.947903,0.05
199,78,0.651975,0.07
199,38,0.645965,0.07
199,73,0.536708,0.08
199,30,0.770332,0.06
199,90,0.965762,0.04
199,70,0.342658,0.12
199,14,0.499588,0.09
199,35,0.838965,0.05
199,9,0.564695,0.08
